Symbol,GSM1523727,GSM1523728,GSM1523729,GSM1523744,GSM1523745,GSM1523746,GSM1523747,GSM1523748,GSM1523765,GSM1523768,GSM1523769,GSM1523770,GSM1523771,GSM1523772,GSM1523773,GSM1523774,GSM1523775,GSM1523776,GSM1523777,GSM1523778
ADAM23,1.464297891,1.465371251,1.480809689,1.419946671,1.423474312,1.589475036,1.663798809,1.410240412,1.385272026,1.575296998,1.475332975,1.357331276,1.703025222,1.657131791,1.635156989,1.448174357,1.408580422,1.443140149,1.430253386,1.60670042
ADAMTS1,2.036854506,2.678647757,2.671891928,2.295871496,2.490541935,2.62085247,2.168288469,2.761299372,2.715270281,2.687091827,2.754047871,2.280986786,3.01941514,2.97898674,3.50476265,3.397650242,2.344310045,2.457603693,2.273223877,2.713419199
AFF3,1.322163105,1.242715955,1.339326382,1.257712603,1.236731172,1.269008279,1.192839265,1.246424675,1.270585656,1.131230712,1.503682733,1.19587326,1.810194254,1.56868124,2.040737152,2.184399128,1.20655179,1.25901556,1.284090161,1.227127075
AK5,1.205483079,1.177386045,1.171225786,1.251330733,1.2070719,1.201005578,1.202469468,1.262256026,1.27112782,1.25380528,1.218556404,1.197475672,1.326733351,1.200633168,1.272607923,1.316203713,1.184378505,1.202337265,1.212094665,1.217771411
AKAP12,1.738972664,3.543348789,2.371477842,2.012681723,2.21425724,2.44043684,2.012204647,2.529502153,2.074123383,2.836932421,2.684725285,1.978965402,3.130459309,2.929385662,3.203750849,3.36799264,2.157139778,2.051697969,2.231418371,2.550759077
ALPK2,1.314267755,1.400561571,1.110795498,1.332022786,1.306389809,1.212324262,1.190187454,1.141425371,1.320307255,1.760121465,1.500311494,1.577709913,1.33352077,1.171287298,1.90031445,1.600118995,1.187995315,1.153870583,1.308222413,1.411822557
ANGPTL2,2.068704844,2.494577169,2.16623807,2.461819649,2.448025227,2.101306438,1.841561913,2.285056829,2.086479664,2.745187283,2.63201952,2.172658443,2.928258657,2.733162403,2.676759243,2.52574563,2.211620808,2.107554913,2.24891758,2.675479174
ANKRD1,0.958749771,0.943887353,0.923035324,0.893786073,0.888224542,1.164278984,0.897783458,0.907407105,0.888002992,0.9430601,0.905788422,1.032479882,0.921546996,0.906603634,0.870300889,0.883866787,0.926906884,0.919463933,0.983551383,0.894247234
ANTXR1,2.310255527,2.986341,2.668607235,3.023584604,3.084353447,2.708718538,2.828948736,2.615144014,2.71454978,3.34893465,2.969597578,2.665421724,3.33412385,3.204651117,3.199713945,2.840068579,2.625028372,2.44929409,2.941779137,3.157976151
ANXA6,1.868307829,2.16647625,2.133383036,2.041781902,2.683781624,2.279004574,2.149421692,2.258540392,2.20792675,2.6036129,2.446999788,2.152070999,2.816551924,2.532964945,2.686058521,2.391111374,2.083048344,2.2245543,2.618389368,2.471676826
AOX1,1.491822481,1.56679368,1.47783494,1.626352191,1.52678442,1.539757013,1.550572634,1.700963378,1.557476401,2.058536291,1.516583085,1.477647543,1.937998056,1.625540614,2.292187214,1.841787934,1.479766846,1.457061887,1.555473804,2.280319452
AP1S2,2.576588869,2.470761299,2.659696579,2.293023109,2.465471506,2.731125593,2.802277327,2.613007069,2.537548065,2.762027502,2.781406641,2.661379576,3.345593214,3.025950432,3.079106331,3.027199745,2.92495966,2.437229872,2.486236334,2.664586067
ARMCX1,1.535274625,1.970220208,1.932543993,1.928076625,2.155848026,2.651391983,2.559815168,2.282787561,2.022666216,2.404323101,2.397745132,1.805698395,2.85087347,2.527010918,2.692908525,2.806047678,1.74286437,1.846593857,1.803737998,2.211244106
ATP8B2,1.785921335,2.145425081,2.107097149,1.900120974,2.112901926,2.395738363,1.920637846,2.218255997,1.927101016,2.484770775,2.507804871,2.047391653,2.816488266,2.703248978,2.870073795,2.652629375,2.001762152,2.220810175,2.025400162,2.681856155
ATP8B3,1.19309032,1.201730132,1.148209929,1.275058627,1.087081671,1.490843296,1.124288678,1.135122776,1.295262337,1.104825258,1.032107472,1.207566142,1.096806407,1.067918897,1.116286993,1.090311646,1.215100408,1.207566142,1.163953543,1.138722658
AXL,1.961935282,2.381830692,2.318109751,2.337357044,2.387302637,2.117208958,1.935851932,2.375461578,2.471380711,2.548523903,2.649333,2.312716484,2.94821763,2.874056578,2.861765385,2.736869812,2.199442387,2.280473232,2.356400728,2.5911026
BDNF,1.424418211,1.460143328,1.553977847,1.480507374,1.639704108,1.399650455,1.498856068,1.41384542,1.693633318,1.514917731,1.708558321,1.517504811,1.439356565,1.402281642,1.218417048,1.3621701,1.361100554,1.390552402,1.522239685,1.58545208
BICC1,1.489719152,2.015885353,2.000383139,1.918904305,2.149187326,1.551621795,1.997852087,1.954096437,1.736787796,2.411711931,2.241646051,1.605404019,2.561296463,2.405764818,2.467460871,2.040868044,1.756513357,1.698370576,1.883793592,2.346702576
BNC2,1.467491627,1.686418772,1.773342133,1.487724781,1.681421041,1.450105667,1.218803406,1.704510093,1.595439315,2.05294776,1.787459731,1.334726095,2.249973297,2.055078745,2.303532362,2.237215519,1.391558409,1.596686363,1.506994367,1.91078043
BVES,1.460279942,1.508692741,1.560118079,1.506980896,1.509497166,1.540500283,1.703159094,1.491116524,1.43832159,1.772787571,1.636608839,1.558969855,2.528684616,2.096279144,2.170424223,2.324846745,1.427120924,1.484304667,1.407487631,1.785989642
C1S,2.580837488,3.120826006,3.023780107,3.014520407,3.148535967,2.758964062,3.421112537,3.11295104,2.8166399,3.404760838,3.441377878,2.940653324,3.589210987,3.502080679,3.657764435,3.250591278,2.77147603,2.856360435,2.896188974,3.417150974
CAP2,2.070798874,1.755857944,1.727093101,1.865672231,2.249238014,2.177985907,2.103781939,2.047001362,1.936457992,2.022349834,1.903175116,2.050511837,2.926480532,2.623387098,2.689624548,2.887331009,1.712079287,1.371940851,2.24348402,2.126524925
CCL2,2.026839018,2.599534273,2.430520535,2.720587492,2.834328651,2.684889078,2.315925837,2.614045143,2.446351051,3.17269969,2.634337425,3.235741377,2.895377636,2.671860456,3.150769472,3.269977331,2.449125051,2.015820026,2.326497555,3.269321203
CDH11,2.203986645,2.771465778,2.699881077,2.656207085,2.887212515,2.737888813,2.46804142,2.554748774,2.452669859,3.023846388,3.065734625,2.3676157,3.232544422,3.221412182,3.124564886,2.619566679,2.39967227,2.612227678,2.65596962,2.932994127
CDH2,1.301944137,1.448917627,1.253475666,1.444366336,1.30296433,1.269591689,1.264803767,1.317164302,1.338712811,1.51317215,1.371657372,1.36158371,1.704300523,1.453437567,1.47390151,1.561552525,1.239097476,1.276805758,1.37912941,1.378724217
CDH4,1.426772833,1.403817296,1.399460196,1.538953185,1.346955419,1.404683352,1.401496053,1.424111128,1.571032763,1.335191727,1.292595983,1.459365129,1.400601149,1.447910309,1.237605691,1.222697139,1.31107676,1.378913283,1.457136273,1.39331162
CHN1,2.117276907,2.468425512,2.227499008,2.503628969,2.540926933,2.512120485,2.188454628,2.237206221,2.470295668,2.800499201,2.485987425,2.533887386,2.732930899,2.437898159,2.503821373,2.340428114,2.109827995,2.180283785,2.469286203,2.586321354
CLDN11,1.632694006,1.552391768,1.704506278,1.586156249,1.55803287,2.378918171,1.594043255,1.919887185,1.703554034,1.839813232,2.259183407,1.561665297,2.24258709,1.995288491,2.340138912,2.116011143,1.47520864,1.590777636,1.55525279,1.541587234
CLIP3,1.837287188,1.911784887,1.908582211,1.800286412,1.928031683,1.807227015,1.76339817,1.895603895,1.825439572,2.068089962,1.978722811,1.813078046,2.39278841,2.076763391,2.405085802,2.236947536,1.763429523,1.769883037,1.777837992,1.962102652
CMTM3,2.041223526,2.35887599,2.283111811,2.371320486,2.430001259,2.301655769,2.151974678,2.409100294,2.185524464,2.678732157,2.61795783,2.271399498,2.889382839,2.647234201,2.598782301,2.31268692,2.481593132,2.383892059,2.318454742,2.509046793
COL12A1,2.631391287,3.378375292,2.807991982,3.230903864,3.407969475,2.607252121,3.041640043,2.72239542,3.124516726,3.538703918,3.181164742,3.171889782,3.313753128,3.18091774,2.821532965,2.639296532,3.060472488,2.635058403,3.320252657,3.246370792
COL1A2,3.103718758,3.920698881,3.616122723,3.911141157,3.882645845,3.202658176,3.549528837,3.349289656,3.609114647,4.042363167,3.799275637,3.732052326,4.080582142,3.899217367,3.884987831,3.291723728,3.566227198,3.755195618,3.852536678,3.702563763
COL3A1,3.272421837,3.939368725,3.827108622,3.902992249,3.919555187,3.42143178,3.618780851,3.681359053,3.532403469,4.051382065,3.957885265,3.768395901,4.09230423,3.976404428,3.99587822,3.607007504,3.66458869,3.777104616,3.865213156,3.923892975
COL4A1,2.874107361,3.406551838,3.213606596,3.201282501,3.481378794,3.304011822,3.254212379,2.89789772,3.334271431,3.557066917,3.425251722,3.257978439,3.508224726,3.43336153,3.574261427,3.131853104,3.119618893,3.200523853,3.308521509,3.489349842
COL5A1,2.044519901,2.626367092,2.472113609,2.410751343,2.497004271,1.953807473,2.117636442,2.285484791,2.260163546,2.798288584,2.592987299,2.290610313,2.821790695,2.79431653,2.715799332,2.243388176,2.32601428,2.340189457,2.556231022,2.468806982
COL5A2,2.639308691,3.303129911,3.048253775,3.355217218,3.336411715,2.72667098,3.062926054,2.954963207,3.143475533,3.47167635,3.282439947,3.242574692,3.54433322,3.237586498,3.280667067,2.828582287,3.105618,3.075674534,3.211059809,3.180806398
COL6A1,3.03679347,3.007465363,2.863727093,2.863486528,2.939929724,2.692314148,2.589040995,2.791766644,2.555234194,3.177916527,3.230988264,2.748479605,3.256789446,3.149472237,3.236000061,3.078329802,2.958257914,2.779045343,2.963675022,2.914655924
CPA4,1.460050225,1.314252138,1.329433084,1.454170227,1.351158381,1.431877851,1.372380972,1.242901087,1.430055737,1.349218249,1.250534534,1.275982141,1.281400681,1.416404486,1.255620241,1.226905346,1.221302748,1.392503023,1.37733233,1.287441492
CYBRD1,2.405910254,2.669577122,2.822245121,2.289793491,2.547000647,3.167416573,2.652439356,2.973267555,3.005420685,2.878756046,3.127108574,2.090016842,3.394031763,3.21953702,3.352080345,3.25816226,2.468869925,2.37490654,2.387654305,2.939055443
DAB2,1.877181411,2.267170668,2.23300457,2.19594574,2.489297152,2.125647783,2.297281504,2.506910324,2.218676329,2.598991871,2.648975611,2.241698265,2.950889826,2.64740324,2.759151459,2.484024048,2.370368004,2.290266037,2.337322474,2.523977518
DIO2,1.878385663,2.052202702,2.396636248,2.122766018,2.560200453,1.731360078,2.030189276,2.036442041,2.598492622,2.248371124,2.802338362,1.773470044,2.503770113,2.615800619,2.413734674,1.80627811,2.02584815,1.736914754,2.124893427,2.383783102
DKK3,2.531476259,2.939424992,2.757728577,2.893908024,3.054644823,3.102815628,2.744982719,2.895535707,2.977777243,3.082200766,3.057823658,2.815395832,3.372237206,3.363471508,3.04508996,3.04045105,2.903458595,2.33590436,3.005976677,3.098017216
DLC1,2.018748045,2.34008193,2.451014042,2.084148645,2.331719398,2.29975152,2.129043102,2.376778603,2.513022423,2.530950785,2.554716349,2.113069296,2.915151596,2.718248844,2.886035681,2.897943497,2.23049593,2.177809715,2.516129971,2.537121534
DOCK10,1.557832837,1.993647099,1.939777136,1.98907578,2.083572388,1.787369132,1.839441419,2.101269722,1.811558843,2.202456951,2.435456753,2.23598361,2.406891108,2.281776667,2.426322222,2.273651838,2.002818584,2.143369198,1.636619687,2.242176771
DPYSL3,1.646087408,2.207398176,2.126795769,1.931884646,2.171639442,2.611084223,2.002980471,2.144286633,1.80339241,2.588783264,2.237906456,1.723464131,3.063558102,2.921037912,2.962229252,2.508037806,1.852615952,1.824560285,2.020871639,2.427217722
EDIL3,2.957476139,2.611136913,3.168704987,2.8075459,3.0099895,2.857494831,3.038220406,3.229326248,3.042558193,2.835255384,3.361006021,2.428609133,3.139932394,3.211463213,3.083760262,3.253754854,2.749130964,2.468129158,2.91299367,3.157871008
ELOVL2,1.14228487,1.183939457,1.119583607,1.158861995,1.202786446,1.60914588,1.304170966,1.132382393,1.07840991,1.373367786,1.181921482,1.248812437,1.464913368,1.150060773,1.382127523,1.139653206,1.354926944,1.249181747,1.262326241,1.288019776
EML1,1.659960389,1.949931979,2.069736242,1.798076868,2.082117319,1.639958978,1.532155752,2.094588757,1.627337217,2.279636621,2.266245365,1.354538083,2.812807083,2.50612402,2.552646399,2.561626196,1.940787315,1.525393367,1.91989255,2.22829318
EMP3,1.552682877,1.892187238,1.661533237,1.933700204,1.891440034,1.774694681,1.638632417,2.034592867,1.941492081,2.24499917,2.086194515,1.848744988,2.169859409,1.959250689,1.990965962,2.052188873,1.987655044,1.827336669,1.926177502,2.027304649
EPB41L5,2.337016821,2.319470882,2.332642317,2.357521534,2.612255812,2.489670038,2.284935474,2.43210125,2.363493443,2.106470823,2.333287239,2.266453743,2.053071022,1.9508003,2.177192211,2.137341261,2.400072336,2.282686949,2.315129757,2.249962568
EPDR1,1.654354572,2.082430601,1.90563035,2.86345768,2.176478386,2.425174236,2.222712755,2.123949528,1.652758241,2.671061516,2.345593452,1.860965371,2.632322788,2.717396498,2.723159313,2.45783186,1.945756435,1.849740505,2.135566711,2.53421402
EVI2A,2.013657093,2.521982908,2.362130642,2.323572159,2.43624568,2.461735487,2.297602415,2.638172865,2.22998929,2.636274099,2.867696524,2.708461046,3.033427954,2.469160795,2.757692575,2.823492765,2.214289188,2.504845142,1.999365926,2.575894594
F2R,2.275420666,2.321427345,2.582102776,2.262632847,2.809427977,2.224733591,2.31364727,2.408185959,2.279455185,2.484745026,2.884183884,2.190221786,2.81360054,2.805397987,2.611720085,2.340415478,2.318023682,2.414366007,2.436402082,2.827707529
FAT4,1.738993406,1.730419159,2.285879374,1.587929368,2.258849382,1.672484159,1.525424838,2.024287939,1.709006906,1.895703316,2.14273262,1.321510911,2.333782673,2.241871834,2.292971134,2.2389009,1.673089385,1.353009343,1.841069698,2.080554485
FBN1,2.329256058,2.784713268,2.721625566,2.841720819,2.852229118,2.281103849,2.465481281,2.796553135,2.554981232,3.051863194,2.948484659,2.619387865,3.323359013,3.120880365,3.359187841,2.742061615,2.525994301,2.765834332,2.72023797,2.902422428
FGF2,1.33775413,1.468401194,1.286601543,1.458998084,1.395095825,1.282243252,1.288964152,1.483759761,1.31583631,1.87751925,1.645235538,1.360323906,2.161411047,1.651128769,2.107853889,2.296785116,1.433360577,1.276598692,1.414456844,1.80058527
FGF5,1.353600621,1.301990032,1.333594561,1.394109726,1.30924201,1.346580386,1.286389709,1.322259426,1.335454345,1.370478749,1.262906909,1.301388264,1.390067935,1.37035501,1.164766669,1.30499959,1.227918863,1.347636342,1.303569078,1.291161299
FGFR1,1.907250881,1.999935746,1.985792518,2.044671297,2.022560358,2.195078611,1.896449327,2.019256353,1.858268738,2.240518332,2.081964731,1.979575276,2.460246086,2.366703749,2.51701498,2.381502151,2.077607632,1.860165238,1.976879358,2.101592779
FHL1,2.806295872,2.763406754,3.160857201,2.525725842,2.862819672,2.896936893,2.484371424,3.524317741,2.772453785,3.041239977,3.331203938,2.009215593,3.965739012,3.836067438,3.87481904,3.964363337,2.674547672,2.398277521,2.633959055,3.291278124
FSTL1,2.651241779,3.157723427,3.059593439,3.079515696,3.20391345,3.129733801,2.939206362,2.989402533,3.129772902,3.426269054,3.230789185,3.059039831,3.620448589,3.605677128,3.569246531,3.221860886,2.955105305,3.000894308,3.145345211,3.343871355
GFPT2,1.276970983,1.818056226,1.495508552,1.70007658,1.603859305,1.599390388,1.348015904,1.480736494,1.472394109,2.266299009,1.619091034,1.65081358,2.038415909,1.883849502,2.141201258,1.856280446,1.499660611,1.570839286,1.620807409,1.946290493
GLIPR1,2.000103474,2.500622272,2.722807646,2.290967703,2.531652927,2.438458204,2.215627432,2.96711731,2.734398842,2.787284851,2.874359608,2.50604105,2.964301825,2.903172016,2.952409744,2.592226744,2.323004246,2.327378035,2.371753454,2.62411356
GNB4,2.094264746,2.723344803,2.707438946,2.637250662,3.104353666,2.879340887,2.521008968,2.853238583,2.708247423,3.009878874,3.131828785,2.763399124,3.460604668,3.240738392,3.273044825,3.011684656,2.486865044,2.944032907,2.558222532,2.992484331
GNG11,2.205394506,2.665005922,2.66300869,2.55698514,2.814576387,2.664809942,2.48622179,2.817365408,2.593586683,2.952567816,2.976858139,2.444870234,3.098640203,2.792664289,2.983729601,2.914489985,2.334608078,2.476207018,2.538106918,2.881173134
GPC6,1.929560184,2.323125362,2.479364872,2.250338316,2.524598122,1.99150455,2.134771109,2.516682148,1.923407316,2.504664898,2.639702082,1.987517357,2.813549519,2.574041367,2.511916637,2.588699579,2.048240662,2.26552701,2.149468899,2.391108513
GPR176,1.911390066,2.076019287,1.773899913,1.930469275,2.087292671,2.15965271,2.541947842,1.738088012,2.09145999,2.291469097,2.098948479,1.903831959,1.946521401,2.029344559,1.946244717,1.779197454,1.877627611,1.790647149,2.007250547,2.283164978
GREM1,2.239212513,3.16151619,3.031465292,3.160712481,3.081099272,2.940903902,2.311582565,3.134299994,2.45896554,3.684029102,3.282003641,2.839461088,3.783432245,3.666590452,3.617167473,3.233847857,2.916211367,2.54598546,2.706514835,3.740192413
HAS2,1.803639531,2.297573805,2.059248924,2.040526628,2.034231901,1.919130445,1.582604051,2.034592867,1.898988724,2.607127905,2.056150436,2.073651075,2.040747404,1.758877635,2.278420448,2.094900846,2.028459549,1.683544636,1.922469378,2.15143013
HEG1,2.223867178,2.629976034,2.566418171,2.378576994,2.621867657,2.41113472,2.879704952,2.592492342,2.508596659,2.800179243,2.758068562,2.628693819,2.961091042,2.898592472,2.889634371,2.731989145,2.346182585,2.636517286,2.40268445,2.856782675
HS3ST3A1,1.065616727,1.59271419,1.194595337,1.560487151,1.49982655,1.218637466,1.383361697,1.146855116,1.245899916,1.925163031,1.433219552,1.29703021,1.543431759,1.38227129,1.437653661,1.304974675,1.504610777,1.23943603,1.383289456,1.446988463
HTRA1,2.370154619,2.607449293,2.641459227,2.749593973,2.753194809,2.332490206,3.051273346,2.692165375,2.863838911,2.877564669,2.843094349,2.419240952,3.124739647,2.991205215,3.064813614,2.831918478,2.3384974,2.461057901,2.659216404,2.925304651
IGFBP7,3.357736588,3.64075923,3.654034615,3.583647728,3.821286917,3.527090073,3.527614117,3.545931816,3.674977064,3.802294731,3.787141085,3.467582703,4.027856827,4.027501583,4.017943382,3.634967327,3.42135334,3.540281296,3.596592188,3.822716475
IL13RA2,1.496312976,1.77714622,1.552818418,2.060180426,2.528567553,1.999516249,1.680858254,1.692465663,2.336210489,2.024530411,2.64795351,1.114328742,1.211212516,0.918457866,1.073177934,1.066757917,2.080202579,1.002470613,1.981481433,2.421015501
JAM3,1.80829978,2.177942753,2.548972607,2.048375368,2.182845354,2.466237545,1.886260867,2.309643984,2.04580164,2.481217384,2.498038054,1.920050383,3.029906034,2.85230422,2.951563597,2.879252195,2.017406464,2.076318264,2.038316965,2.498201847
LAMA4,2.174396753,2.608360767,2.651197433,2.417924166,2.741114616,2.309858799,2.439005613,2.503273249,2.553385258,2.918717623,2.815707684,2.311329603,3.00909996,2.90980649,2.972048283,2.856431246,2.323080063,2.425490856,2.514566422,2.788702726
LGALS1,2.936552048,3.575944424,3.234519005,3.460424185,3.508866072,3.373612881,3.194235325,3.397668362,3.500903606,3.807710409,3.648314953,3.513194561,3.88864851,3.728027821,3.717055082,3.419983625,3.306712151,3.301110029,3.492026091,3.656048536
LIX1L,2.229440451,2.460318327,2.319110155,2.306868792,2.438576937,2.252898216,2.172322273,2.32003665,2.09350276,2.554154158,2.539658308,2.139564991,2.86808753,2.745770931,2.896724701,2.755766392,2.149969816,2.245471954,2.130740643,2.674904585
LOX,1.63843286,2.538060188,1.740871191,2.429687738,2.34554863,1.926026344,2.436203718,1.978520274,2.110035658,2.657274246,2.435663939,2.69157815,2.806168556,2.457492113,2.46007514,2.04943037,2.363672256,2.069429159,2.405090332,2.237084627
MAP1B,1.695544481,2.205945015,2.105898142,1.801259398,2.117549658,2.057922363,1.903350353,2.220719099,2.096192122,2.561990738,2.332422495,1.937751174,3.089407444,3.072197676,3.156669855,3.034743547,1.995721102,2.031925917,1.959559917,2.470840454
MMP2,2.152345657,2.622276545,2.370316029,2.615597486,2.58991456,2.232608318,2.025825977,2.485184431,2.266502142,3.077920437,2.732899666,2.363001108,2.796418905,2.449303865,2.722325087,2.49860096,2.307829857,2.129228592,2.677997828,2.901297331
MRAS,1.710574031,1.899350286,1.801039577,1.761243105,1.890451789,1.806094408,1.856459498,1.885429621,1.804726601,2.105164766,2.013207912,1.719877362,2.318641424,2.317141771,2.328819275,1.914321661,1.749627948,1.803744316,1.680763602,2.031861544
MSRB3,2.139039993,2.41533494,2.424164295,2.212329388,2.426434755,2.465996981,2.113377094,2.629579067,2.17703557,2.891850471,2.65887475,2.178476334,3.552421808,3.360587358,3.329090834,3.316155672,2.131639242,2.068648815,2.40191102,2.69254303
NAP1L3,1.074269533,1.225021482,1.550931454,1.351920605,1.289515018,1.770679474,0.884030581,1.841716647,1.154951811,1.819541454,1.71230948,1.022916555,2.596487045,2.237215519,2.383550167,2.165987015,1.155522823,1.316064596,1.194968104,1.656512022
NAV3,1.097375035,1.402259111,1.33198905,1.434683084,1.204444289,1.229441762,1.277878642,1.296921253,1.349466562,1.618929029,1.245303035,1.310801506,2.136054754,2.084972143,2.38973856,1.594558835,1.136169672,1.23496151,1.090965271,1.511084199
NDN,1.64861846,2.061093092,2.069039345,1.834221005,2.076526165,1.76645577,2.261276007,2.23174262,1.721968651,2.457364798,2.259757996,1.717021585,2.792678833,2.499486446,2.768903732,2.572803974,1.854686737,1.729710579,1.876908422,2.329384327
NEGR1,1.605112672,1.231856227,1.734028816,1.319305182,1.694406271,1.457084894,1.319726944,1.966084599,1.385567665,1.629521132,1.793998837,1.217832088,2.613797665,2.199300766,2.33387208,2.514844418,1.469675899,1.161390901,1.353083134,1.575487971
NEXN,1.79800427,2.079687119,2.154090643,2.145482302,2.120987415,1.965444684,1.60333252,2.326072931,1.686640739,2.519169331,2.28593421,1.988425255,3.350767851,3.143439531,3.082336426,3.043527603,1.926813722,2.383639574,1.818014622,2.392564774
NID1,2.191996574,2.529610157,2.658039093,2.440929413,2.711017132,2.717190266,2.697794914,2.476875305,2.4181633,2.810065985,2.909800291,2.159460068,2.917089939,2.748231888,2.975663424,3.082944393,2.397530317,2.361668587,2.696557283,2.732727289
NRG1,1.823058724,1.648339987,1.692770839,1.732873797,1.728916049,1.696974754,1.794635177,1.777375102,1.867158175,1.638400316,2.003616333,1.647709727,1.636348724,1.680856109,1.629722595,1.692580938,1.635608196,1.772204518,1.798967004,1.735821962
NUDT11,1.195613503,1.446233869,1.329897881,1.328743339,1.43615973,2.260752678,1.57621944,1.380187392,1.2541219,1.566171765,1.406422257,1.303378582,1.965129852,1.724004507,1.688624382,1.763621569,1.256423354,1.358103633,1.260343671,1.401623368
PAPPA,1.758411646,2.16431284,1.985344887,2.098884106,2.624958277,2.134539366,2.184532881,2.26279664,1.89028573,2.35994935,2.856116533,1.928847909,2.20138669,1.803972125,2.581885338,2.120059729,2.060967207,1.492847085,1.739270091,2.356582642
PDE7B,1.841911912,1.624536991,2.015007257,1.542188764,1.635338545,1.807891011,1.463171005,2.112774849,1.560487151,2.033403873,2.142112732,1.545061827,2.308457375,1.849915981,2.395699978,2.373089075,1.779269695,1.674553752,1.590286016,2.029595375
PLAGL1,1.5677706,2.010855436,2.107483387,2.016056776,2.413108826,2.164097548,2.247217417,2.255315065,1.625962019,2.217259884,2.342054605,1.72221601,2.57623601,2.406079054,2.657179356,2.558256388,2.325766563,2.019682646,2.418732882,2.201915264
PMP22,2.454963446,2.856323004,2.90724349,2.654442787,3.069985151,2.826910019,2.41028738,2.94523263,2.761684179,3.043891907,3.140278578,2.770555735,3.238080263,3.130447149,3.393071651,3.18917799,3.099534273,2.531180859,2.661686182,3.209464312
PNMA2,1.567997217,1.328678131,1.369182825,1.529081464,1.571052074,1.898429394,2.59829402,1.981555223,2.389584541,2.103488684,1.748728037,1.987714291,2.195599794,2.020266056,2.20950532,1.958759069,2.093688488,1.365056634,1.420788765,2.388362646
POPDC3,0.955142558,1.143318295,1.017445207,1.216345787,1.880470276,2.248115063,1.715257883,0.993453801,1.057983398,1.323686123,1.179145694,1.256070256,0.965955555,1.012057781,0.983418882,1.461326718,1.364096284,1.097781777,1.099081635,1.272373438
POSTN,3.139005423,3.766659021,3.54163003,3.794531107,3.692864418,3.488112926,3.204100132,3.610445499,3.485481739,3.844845295,3.905367374,3.723780155,3.796623468,3.596019983,3.698225737,3.697822332,3.401012897,3.565676212,3.690682173,3.53150034
PRKD1,1.350521803,1.723147273,1.694648623,1.506207466,1.704493165,1.609494209,1.321969867,1.734737158,1.471775413,2.172457218,1.876961827,1.340658665,2.395735025,2.131060123,2.236554861,2.200194597,1.390343666,1.267239451,1.540661931,2.082250118
PRR16,1.426811218,1.835911512,1.546699047,1.761001706,2.014702797,1.392490387,1.420748353,1.674118042,1.501757026,2.188965797,2.273664713,1.428439736,1.740167499,1.453088284,1.545383334,1.543587923,1.657822371,1.336428642,1.570472956,2.11127615
PTGIS,2.073317289,1.906196952,2.315513134,1.68258214,1.999803305,2.458363771,1.527682662,2.50591135,2.008924961,2.387811184,2.439294815,1.616011143,3.106199026,3.010814667,3.186580181,2.980637789,1.71613431,2.200259209,1.577420115,2.538529873
PTX3,1.188713908,2.190629005,1.383488178,1.171192765,1.248899698,1.52069521,1.207891583,1.575852871,1.005556703,1.700341463,1.402518988,2.379639149,1.913963199,1.413096189,2.110962629,2.274187803,1.563417912,1.057433128,1.129361033,1.439688921
RBM24,1.004713893,1.169133067,1.229421377,1.078621149,1.191981792,1.240551353,1.518348694,1.411369443,1.0772717,1.233344674,1.308295965,1.031087995,2.232542038,1.449570894,2.023135662,2.243388176,1.019184589,0.981076658,1.699661136,1.338989019
RBMS3,1.532182693,1.717565417,2.079112053,1.470831275,1.896610856,1.630916476,1.518733621,2.149831772,1.738720417,2.067625999,2.23227787,1.34135747,2.539950371,2.595820189,2.725477934,2.429697752,1.617551208,1.802966475,1.548204541,2.091607571
RBPMS2,1.654280782,1.657973528,1.823590398,1.736174226,1.678750038,2.082784414,2.180314541,1.900783539,1.7059021,2.060350418,1.825779438,1.571371794,2.932600021,2.799089432,2.827145815,2.731709003,1.724428058,1.654052973,1.751664281,1.968062282
RECK,1.721169114,1.829444766,1.862610698,1.73808825,1.983267546,1.928660989,1.864922404,2.176129103,1.712726712,2.040594101,2.186711073,1.775476098,2.521744967,2.32552433,2.723860741,2.539800882,1.780778408,1.756786108,1.769708991,2.124834299
RFTN1,2.296024084,2.681554317,2.705141306,2.458207607,2.762676954,2.494169235,2.584908962,2.606746912,2.537565708,2.985784054,3.051192045,2.507241249,3.001873493,3.083429337,3.06252861,2.663667917,2.463091135,2.795260191,2.538770914,3.006769419
SERPINE1,1.723717332,2.517729044,1.885612369,2.248207331,2.069506407,2.358912468,1.986816883,1.670011759,1.975485802,2.754146814,2.360359669,2.653312206,2.259669065,2.228887796,2.786050797,2.11812377,2.162792683,2.045962811,2.313619614,2.422725916
SIRPA,1.920974731,2.200443506,2.032178164,2.000479937,2.206309319,2.177275658,2.162652254,2.214515686,2.189674139,2.375250816,2.57397294,2.183056355,2.548418283,2.218925476,2.28463459,2.127957106,2.208706379,2.056202412,2.376365423,2.572791338
SLC2A3,1.786802053,2.968132496,2.164549589,2.266504765,2.393723726,2.715641022,2.408171654,2.168424368,2.339082479,3.033427954,2.396538019,3.12860465,2.64628005,2.250078201,2.771836519,2.579536676,2.470417023,2.342746019,2.228973866,2.450134039
SLC47A1,1.286913753,1.303520441,1.260757565,1.100606322,1.251652002,1.253795624,1.240463614,1.265718341,1.378414869,1.448700309,1.917001486,1.027581811,1.478495002,1.657872796,1.624298811,1.393550634,1.239421725,1.581125736,1.182886839,1.259732604
SPARC,2.888071299,3.559809208,3.295962334,3.466477871,3.503462553,3.103086472,3.202423334,3.041191578,3.275603771,3.698292017,3.455974817,3.314126492,3.822141886,3.617254734,3.68657589,2.971957445,3.259266853,3.370674849,3.483507156,3.441525459
SRGN,3.195442438,3.678141117,3.423403502,3.481583357,3.650172472,3.57655859,3.461152554,3.504485846,3.329927683,3.766074896,3.676175356,3.739021301,3.668703794,3.401961088,3.630463839,3.582221031,3.431281328,3.509756804,3.168795347,3.745776415
SRPX,1.376537681,2.048818827,2.009305716,1.712079287,1.648077726,2.005206823,1.602359772,2.418605328,1.217932463,2.221503019,2.20050621,1.492077708,2.804168701,2.396509886,2.758886814,2.630920172,2.98579669,1.375128269,1.438733697,2.159324884
ST3GAL2,2.013214827,2.156257629,2.117617846,2.138389111,2.239180326,2.180204153,2.103085518,2.10287261,2.196704388,2.316512823,2.374919891,2.245640993,2.34305644,2.292356491,2.247000694,2.199450016,2.284324884,2.209606886,2.207765818,2.239055395
SUSD5,0.854645848,0.834467828,0.802960515,0.760620296,0.870144367,1.551128387,0.765481949,0.909100056,0.730025411,0.97759819,0.833539724,0.760315061,1.251285434,1.128578663,1.161835551,1.440654874,0.871421337,0.823822796,0.783804119,1.020044088
SYDE1,2.004837275,2.104282618,2.121542931,2.141749859,2.165940762,2.019848585,1.982675433,2.057093143,2.111264229,2.279969931,2.197399378,2.059049129,2.295345783,2.313905001,2.307099819,2.167328119,1.977119923,2.066144705,2.155785322,2.194684744
TBXA2R,2.126026869,2.141787052,2.041013241,2.15531373,2.053108215,2.054072857,2.128314257,2.086624384,2.084433317,2.022268772,2.077580214,2.072751284,2.057043076,2.027873755,1.988262773,2.119401693,2.069480658,2.079810381,2.15770936,1.993565917
TCF4,2.571526289,2.89560461,2.985791445,2.763539314,3.03229928,2.823384047,2.72763586,2.925949812,2.896175861,3.063967466,3.156766176,2.583315611,3.269634247,3.259236813,3.269492865,3.182422876,2.599868536,2.791194677,2.738375187,3.139456987
TGFB2,1.696568012,1.833805203,1.820134163,1.84138763,1.999732018,1.948271513,1.840379357,1.810872078,1.85992527,1.909477472,1.937678576,1.757954359,2.599691868,2.559904814,2.206874132,1.952115655,1.834893465,1.661916494,1.707139969,2.126361132
TMEM158,1.907468438,2.349821329,2.362022161,2.316111565,2.489406347,2.177200317,2.149845839,2.184062481,2.171087027,2.800294161,2.772998095,2.250248671,2.16031599,2.13666296,1.845772386,1.694213986,2.498126507,1.635659814,2.458866835,2.707079411
TMEM47,2.348788738,2.619657993,2.731732845,2.560212374,2.769626379,2.56392312,2.337635279,2.900714874,2.560590982,2.904661417,2.942876816,2.454077244,3.356866837,3.322787285,3.393598318,3.29750061,2.420946836,2.339118958,2.530638933,3.009430647
TNFRSF19,1.450298429,1.313194036,1.389663219,1.467182875,1.4160496,2.922905922,2.917925358,2.105933905,1.510497212,1.527754307,1.540238619,1.556458712,1.816423774,1.545880198,2.087452412,2.113601685,1.391812682,1.34465766,1.405433774,1.356547356
TRPA1,2.545120955,2.02790761,2.372148275,1.899945974,2.637079,2.445506811,2.123920441,2.758273363,2.338970184,2.135480404,2.957245588,1.717039943,1.478096366,1.981825233,1.891761899,2.506303549,2.313882113,1.360221505,2.167217016,2.713419199
TTC28,1.837465167,2.099573851,1.933991313,1.651564002,1.994611859,1.88439846,1.707974076,1.932249904,1.707275629,2.066603661,2.10907197,1.467861652,2.193941593,2.224282265,2.414770603,2.3538692,1.571020842,1.625226974,1.467117071,2.288556814
TTLL7,1.369478345,1.391829371,1.402036905,1.513948083,1.873997211,1.333628893,2.10643959,1.815488458,1.394206524,1.564539075,1.588510275,1.824374199,2.315892935,2.019506454,2.000287294,1.904780626,1.48421967,1.418618202,1.507706881,1.909389853
TUB,1.883672237,1.88745141,1.814349651,1.8922261,1.767870307,2.010887384,1.869488478,1.78943491,1.886248589,1.820798039,1.749599934,1.722407579,1.8426404,1.936570764,1.790387273,1.709745646,1.705860853,1.900582194,1.888557434,1.765255213
TUBA1A,2.779158354,3.264212847,3.188979387,3.041432619,3.251424789,3.105591059,3.204786301,3.245058298,3.120964766,3.499220848,3.36357069,3.07811904,3.758320332,3.566356659,3.532957315,3.432265759,3.026444197,2.935640812,3.299655914,3.520741463
UCHL1,1.470539689,1.6809268,1.401332021,1.658190846,1.694888949,2.298855543,2.163337231,1.665585756,1.547435999,2.141824722,1.702894807,1.673846364,2.343996286,1.94962132,2.434818029,2.06025219,1.368141651,1.476134062,2.008919477,1.630254745
VIM,3.146811008,3.700269938,3.46536684,3.40950799,3.530163527,3.434529543,3.254871845,3.555365801,3.387602091,3.830546618,3.845856667,3.580806017,3.876357079,3.798643351,3.849601746,3.652249575,3.415010929,3.343037605,3.553939104,3.716305494
WIPF1,2.197579861,2.58555913,2.590066671,2.364264011,2.659726143,2.493029356,2.522511005,2.645967245,2.265752554,2.852781534,3.064662933,2.6415627,3.17442441,2.817568064,2.991916895,2.914043427,2.536829233,2.817760706,2.350697756,2.82181406
WNT5B,1.481964827,1.434367299,1.486406922,2.016711235,2.119591236,1.949546695,1.298019648,1.868390441,2.479314566,1.67126894,1.984678388,2.60657239,1.921802044,1.907947421,1.858349442,2.007890463,2.085313082,2.065165758,1.644708395,1.58753109
ZEB1,2.201015472,2.554394722,2.62182045,2.390878677,2.669602871,2.36491394,2.318743229,2.644335747,2.365318298,2.945035934,2.854336977,2.217098951,3.436988831,3.275146008,3.382062912,3.304364204,2.328146458,2.438074589,2.433660269,2.811131954
ZEB2,1.572422385,2.143388033,2.153446436,1.868418813,2.367522955,1.890766382,1.93514812,2.262373209,1.661836982,2.341201544,2.479598761,1.916343689,2.552665234,2.296614408,2.410264492,2.321120977,1.945021987,2.146080017,1.74205029,2.284641504
ZFPM2,1.011648059,1.385668159,1.352941751,1.482603073,1.439861059,1.203581095,1.040876269,1.669618011,1.257594705,1.888189793,1.631904125,1.117651582,2.549378395,2.184640884,2.374282598,2.414432049,1.142617106,1.406025529,1.312583566,1.802096248
AGR3,3.757992268,3.423806906,3.720321178,3.796186686,3.788986206,3.529031992,1.473967195,3.876312017,3.981269121,3.636899948,3.705176353,3.411497831,3.22404027,3.513926029,3.024400234,3.284998894,3.648348093,3.462233305,1.715627789,3.660458326
ALDH3B2,1.056906939,1.036728382,1.105181336,1.119424582,1.07562983,1.253932357,1.601129293,0.984589636,1.025715113,1.400763035,1.04479146,0.966455877,0.981644392,1.079892993,1.129347444,0.930834413,1.032535911,1.264891624,1.158810139,1.090191603
ANK3,2.889744997,2.720676899,2.653649807,2.542454243,2.505330563,2.713460922,3.146835089,2.754757166,2.413087845,2.168947697,2.705327988,2.69576025,2.391840696,2.668871403,2.647687197,2.618805885,2.847414732,2.921238184,2.683403969,2.507796526
ANKRD22,3.39844203,3.135477066,3.015438557,3.326956511,2.431492567,2.622683525,1.731590867,2.889033794,2.393984318,2.784466505,2.888756037,2.369846106,2.773293495,3.026067734,2.850295782,3.139234304,2.657116413,3.001903772,2.639383793,2.866265535
ANXA9,1.492372155,1.392688155,1.481334925,1.680943012,1.69892478,1.436903834,1.752356052,1.635656476,1.698559284,1.7705127,1.372430682,1.59373045,1.592192411,1.632710814,2.265857935,1.284658074,1.294789672,1.728534937,2.418316364,1.718472242
AP1M2,2.304543972,2.172198534,2.234325171,2.180779219,2.116158962,2.00229764,2.359536648,2.165864706,2.177521229,2.165928602,2.07512188,2.000688314,1.702441096,2.061798096,1.984148026,1.956544161,2.171123981,2.24852705,2.195734262,2.11152339
AQP3,3.042281389,3.340400457,2.359163046,2.793334007,3.295814753,2.778660536,2.261805534,2.732036591,2.689037561,3.281118631,2.879931211,2.194759369,2.19997263,2.695064545,2.482107162,2.754844666,3.639862061,2.049494743,2.534175158,3.38465786
ARHGDIB,2.512048483,2.817694902,2.854113817,2.54288888,2.77655983,2.660216331,2.663219929,2.813765287,2.592050552,3.061550379,3.231352091,2.799601793,3.140621901,2.934345245,3.095647812,2.881013632,2.698846579,2.9306283,2.64686799,2.994400024
ATP2C2,2.153949022,2.185787201,2.493414879,2.387396574,2.39192915,1.926238894,1.946351886,2.258264065,1.815395951,2.089111805,2.016917944,2.010708094,1.55965817,2.00476408,1.879849911,1.785996795,2.357908487,2.371437311,2.268342972,2.190366507
B3GNT3,2.55893302,2.328756571,2.445675135,2.374574661,2.280940533,2.09906435,1.925352097,2.254565001,2.313253641,2.560585976,2.359619141,2.314762115,1.808852553,2.235941887,2.044537306,2.284442425,2.52112627,2.320513248,2.363947868,2.382189512
BLNK,3.105717421,2.724909782,2.834323883,2.793821335,2.418654442,2.553945065,1.865193605,2.904329777,1.733288646,2.473238707,2.825742722,2.521901369,2.422683001,2.995363235,2.926891565,2.857715607,2.761541367,2.89640975,2.451246977,2.634193659
BSPRY,2.457467556,2.316179037,2.130829096,2.473306894,2.213546276,2.293113947,2.463534117,2.234844923,2.285071611,2.237569094,2.207206964,2.164734364,1.919217348,2.083853245,2.063744307,2.045744181,2.340069294,2.438452244,2.495449066,2.077480316
C1orf116,2.799955368,2.523199558,2.906046391,2.5968256,2.59215951,2.690629959,2.077740669,2.730006456,2.443867445,2.557418585,2.681681395,2.438760519,2.465313435,2.908289433,2.609326124,3.026170254,2.359309912,2.267488003,2.407020092,2.600900412
C1orf210,2.116714001,1.659958601,1.882367015,1.758265018,1.738619447,1.662584662,1.386369348,1.705743194,1.469569206,1.447005987,1.697820306,1.597777843,1.25882113,1.634454131,1.60311687,1.750573158,1.794398904,1.589439631,1.5906142,1.641931653
CD24,4.18587923,3.924215078,4.12334919,4.052772999,3.895466566,3.947981358,3.678390741,4.033892155,3.185126066,4.06826067,4.044322968,3.807882071,3.619804382,3.968920946,4.022098064,3.849707127,3.970802307,3.984405994,3.520828724,3.976127625
CDH1,3.659317493,3.621839523,3.647664785,3.518074512,3.247252703,3.538153172,3.401226521,3.497540951,3.46649003,3.494777679,3.500196218,3.149508238,3.017413378,3.369717836,3.165727854,3.544435501,3.645166159,2.883441925,3.620788813,3.588187218
CDH3,2.332767248,2.726126909,2.269479752,2.00880003,1.565149188,2.229667664,2.82420969,2.197541952,2.461637497,2.498795986,2.233760595,2.042635918,2.073326111,2.250623703,1.822209239,1.604432464,2.445616722,1.852948666,2.185061932,2.322707891
CDS1,3.048609018,2.704710484,3.218380928,2.900058985,2.847073317,2.986955166,2.937668324,3.11583519,2.546044111,2.883773804,2.976283073,2.560916662,2.449483156,2.852099895,2.789541006,2.885442257,2.944362879,2.752262115,2.672662735,2.821071625
CEACAM5,3.248029232,3.888621092,3.717638969,2.938395023,4.02525568,3.350984573,3.109868526,3.426973581,3.005899191,3.545814276,3.832376719,3.264155626,3.527529716,3.827434063,2.164851904,3.351074696,3.830546618,2.062557936,2.871622801,4.126961708
CEACAM6,2.616294861,3.410170078,3.928468466,2.537861347,3.999614,3.230376959,3.00914073,3.776917934,3.440899372,3.917938471,3.855953455,2.642917871,3.583482027,3.795386076,2.080608368,2.253834486,3.723199368,2.095687389,3.419312477,4.066156387
CGN,2.567291737,2.568900824,2.598454475,2.450653791,2.730159998,2.498996019,2.467065573,2.40072155,2.292184114,2.499934673,2.545187712,2.005250454,2.084088564,2.544342518,2.394649267,2.347480059,2.382519007,2.580072403,2.535537243,2.465053797
CLDN4,2.251784801,2.632656813,2.584113121,2.516521454,2.47773385,2.476742744,2.469372034,2.4737885,2.594111681,2.597929001,2.681141138,2.607325077,2.453555584,2.507598162,1.981968641,1.57531786,2.965519905,2.731303453,2.819250822,2.783015966
CLDN7,3.234579325,3.20582819,3.283493757,3.031567812,3.272108793,2.84181571,3.111569405,3.169316053,2.827796936,2.927406549,3.193413496,3.165992737,2.759238005,3.053497791,2.540867805,1.93136096,3.118098736,3.223862648,3.199930906,3.055216551
CNKSR1,1.82070291,1.816245914,1.75658083,1.688706636,1.781041861,1.663834691,1.814799666,1.688238859,1.546280861,1.800052881,1.692293644,1.76745975,1.567884564,1.701642871,1.589994431,1.647553444,1.858931303,1.842125416,1.831144691,1.653772354
CNTNAP2,1.327117801,1.968523026,1.573764086,1.605564237,2.224012852,1.440941811,1.993814468,1.594784379,1.249898434,1.321789026,1.422684669,2.018462658,1.268734813,1.269764066,1.360314846,1.288436413,1.485439777,1.28895092,2.132155418,1.593168378
DAPP1,1.828142285,1.945748568,2.257017612,2.245925426,1.982414246,1.94690609,1.91054225,2.029668808,1.865454555,2.364761591,2.337105751,2.029420853,2.277817965,2.178599834,2.088271618,2.410711288,2.066622019,1.879157782,2.093096733,2.256787539
DENND2D,2.665304899,2.630272388,2.744621515,2.529657125,2.48806262,2.434422731,2.890362978,2.671385765,2.589134932,2.674575329,2.69671917,2.650468111,2.471554995,2.666612148,2.389550447,2.660745144,2.557325363,2.824786425,2.480446815,2.723903894
DMKN,1.3679775,1.783830285,1.552818418,2.057461023,1.402550817,2.329530954,2.030189276,1.87441504,2.097262383,1.714894056,1.378233075,2.03005743,1.42014873,1.443332911,1.44418633,1.630228877,1.509894729,1.338600874,1.572292924,2.109582901
DSC2,2.967125893,2.939073324,3.266925097,2.693290234,3.030164957,3.022964478,2.91164279,3.058829069,2.945893049,2.619249821,3.118589401,2.41744709,2.670591116,2.779618502,2.582991123,2.989645481,3.359443665,2.14747858,2.860223055,3.099179029
DSP,3.555660963,3.60958147,3.530627251,3.38187933,3.444692135,3.368880987,3.105028152,3.357426643,3.357333183,3.504362345,3.332209349,3.119233608,2.96598959,3.424324512,3.371575117,3.390359402,3.621122837,3.403995991,3.647478104,3.539670229
EHF,3.582458735,3.560224533,3.474849224,3.553138494,3.416467905,3.165712595,3.416055202,3.493407965,3.122373581,3.388188839,3.356734276,3.688240767,2.982043266,3.329981804,3.527812719,3.393405676,3.5938797,3.793802738,3.453253746,3.48658967
ELF3,2.980154276,2.887924433,3.038969994,2.989154339,2.762449741,2.941432953,2.990170956,2.911079407,2.939215422,2.984805107,2.692047834,2.872783899,2.519184351,2.681621313,2.024667263,2.766045332,2.911748409,3.13781023,3.048455477,2.921649218
ELF5,1.006909251,0.973067164,0.993530512,1.591313004,1.202096701,1.681967497,1.032683969,1.449997783,1.040851831,1.473132968,0.970073342,1.070550323,1.024101019,0.982127547,0.951173484,0.955079973,0.990531385,1.012965322,1.135339141,1.002609253
EPN3,2.419605255,1.895193934,2.066272497,2.058541298,1.981177688,1.795308471,1.916148305,2.060735226,1.810462356,2.013966799,1.84563899,1.88302207,1.756873965,1.985836506,1.945058703,2.142440081,2.108429432,2.204267502,2.304640532,1.88842082
EPPK1,2.754268646,2.77032733,2.789008379,2.504527569,2.738062143,2.264026642,2.639344692,2.604101658,2.45220089,2.832463503,2.583770752,2.849112511,2.437050104,2.835412025,3.041604042,2.389341831,2.582341909,3.030959606,2.59305501,2.550833702
ERBB3,3.375837564,3.399302959,3.289011717,2.991173983,3.005153656,3.421031237,3.330002785,3.121575594,3.268592834,3.208317518,2.943527699,3.275573492,2.678636551,3.265028715,3.117857933,3.198094606,3.235145092,3.337233543,3.497914314,3.237062931
ERP27,1.140637875,1.317739844,1.399318457,1.239063144,1.311715245,1.459866405,1.966106057,1.550749063,1.23602283,1.397638917,1.629447103,1.391215324,1.673030376,1.940540195,1.866682768,1.571055412,1.261557698,1.302623034,1.281654835,1.41812098
FA2H,2.882029057,2.545398951,2.839155674,2.280471325,2.658161163,2.3196311,2.028332233,2.42010355,2.391563416,2.482668877,2.601727247,1.990685463,2.066498041,2.44925952,2.2582376,2.822695971,2.613173962,1.868917227,1.858243823,2.34300971
FAAH2,2.25304842,2.233203411,1.959145427,2.316968203,2.206309319,1.719352722,1.985380769,2.173027515,1.974248886,1.586861849,1.734480023,2.108162642,1.203537464,1.938580275,1.939990282,1.904834151,1.985789895,2.260878563,1.703915596,2.138887882
FAM110C,2.5744102,2.346270084,2.443055391,2.32890296,2.161408901,2.337696314,1.964359522,2.561671257,1.521622658,2.590970993,2.329917908,2.214195251,2.091449261,2.257558823,2.595905781,2.388685226,2.898958683,2.544244289,2.594327211,2.858354092
FAM83A,2.080278635,1.950242043,2.127662659,2.03695488,2.139270782,2.081188679,2.413876057,2.025460958,2.09090209,2.331049442,2.043979168,2.046187639,1.922842979,2.119093657,1.85713923,1.915675759,1.988005996,2.046965122,2.164460182,1.984207869
FBP1,2.63797617,2.316975594,2.861937761,2.616755247,2.536840916,2.762447119,2.225241423,2.773924351,2.76628232,2.704371452,2.813878298,2.439290762,2.570719481,2.728729486,2.350841522,2.743255138,2.473723888,2.886904955,2.522116661,2.636314392
FGD2,2.521939516,2.540544271,2.572305918,2.51726675,2.50010705,2.498853445,2.50122714,2.581790686,2.486504793,2.509364843,2.838395119,2.646011829,2.810188293,2.827878952,2.756825209,2.696853161,2.434551477,2.694721937,2.324423552,2.685548544
FGFBP1,2.702327013,2.676285028,2.397299051,2.39881897,1.845238209,1.741573215,2.653759241,2.178443432,2.924672365,1.925176859,2.053552389,1.813972116,1.89317131,1.811554909,1.756866217,1.531556249,2.11009264,1.757050037,1.894244432,1.781054497
FUT1,1.545657754,1.42295742,1.563678384,2.227199078,2.106989622,1.969362855,1.815348506,1.742019057,1.911926746,1.629240513,1.577373385,1.791114092,1.603050709,1.604510903,2.21780777,1.826464176,1.734927416,1.720487833,1.981195211,1.945280194
FUT3,2.485655785,1.977783322,2.860490561,2.799136877,2.647214413,2.277885199,2.112723589,2.617921352,2.470482826,2.734549522,2.624623537,2.520180464,2.2739923,2.461484194,1.568960309,2.324064732,3.005570412,2.800052166,2.734168768,2.520779371
FXYD3,3.843171597,3.429101706,3.672018051,3.506018162,3.534203529,3.38926363,3.347676277,3.626508236,3.482516766,3.717587948,3.542566299,3.404567957,3.193858862,3.57732892,3.297943115,3.523691654,3.623428822,3.741194963,2.466086864,3.723936796
GALNT3,3.440826893,3.359103441,3.368456364,3.481673956,3.474364758,3.303446054,3.226635218,3.461110353,3.586573839,3.229735613,3.271666288,3.081252575,2.794623137,3.243489742,3.022569895,3.344729424,3.518694639,3.198834896,2.989195585,3.358799458
GCNT3,2.682006121,2.983829498,3.64979887,2.96897769,2.880601406,3.086616993,2.0615623,3.34053874,3.682713747,3.517388105,3.426540136,2.531916857,2.931106806,3.322787285,2.564938307,2.803468704,3.397093296,2.681730747,3.034430504,3.204361916
GJB6,0.918539464,0.902436137,0.878521442,0.916572869,0.881993771,1.938649654,1.314922094,0.881546795,0.936184287,0.939167857,0.833961725,0.921375096,0.830447853,0.965341747,1.134902,0.886563182,0.909035623,0.877328753,0.89754802,1.218009591
GOLT1A,2.132591486,2.191229105,1.981258392,2.57710433,2.325851679,2.069538355,1.946885824,2.212217093,1.575562119,1.734075785,1.972462416,1.692278028,1.472222924,2.16276741,1.869112015,1.333430767,2.056111574,1.903958917,2.109766006,2.045544386
GPR87,0.803519487,0.775819004,0.884875834,0.911355913,0.799639821,1.075190663,0.804894567,1.332821727,0.863155007,0.845480919,0.920707822,0.83586067,1.011093497,0.960743546,0.778419912,0.750103831,0.795551538,0.823964536,0.826119959,1.092016697
GPX2,3.065204859,3.380762577,3.607260466,2.934559345,3.631102085,3.175872564,3.609629393,3.623886347,3.549083233,3.71782589,3.47103548,2.775354624,3.175670624,3.610394239,3.047076941,3.542972565,3.165646553,3.513706446,3.795106173,3.65268302
GRHL1,1.897322893,2.285570621,2.302737474,2.456863165,2.456977129,2.90669632,2.711180687,2.18752718,2.576380253,2.271446705,2.052548647,1.35315299,2.000952244,1.92357564,1.847475529,2.184877634,2.746144056,2.429343224,2.496457577,2.206946373
GRHL2,2.731574774,2.635913134,2.576905251,2.745107412,2.60217452,2.355174303,2.270806074,2.482790709,2.47017622,2.601338387,2.333291054,2.590590239,1.946452379,2.477376223,2.499230385,2.330355644,2.707419634,2.921378374,2.857937336,2.409244299
HOOK1,2.756984234,2.700775623,2.731719971,2.842559814,3.024902821,2.890644789,3.13958931,2.851462364,2.90923667,2.457350731,2.570735693,2.715840578,2.04271102,2.285683393,2.418520689,2.594921112,2.822356939,2.863622189,2.926438808,2.754002571
HS3ST1,2.29628396,2.745709419,2.979692459,2.655219316,2.28782773,2.460405588,1.755107522,2.618998766,1.95372951,2.82474947,2.630526304,2.030127287,2.410298824,2.669928551,2.439893246,2.629420757,2.583805323,2.186838388,2.002890587,2.457669258
HS6ST2,1.014454842,0.989578605,1.104784966,0.884487271,1.224929333,1.025797367,1.021726489,1.136737466,1.082289577,1.152752757,1.131165981,0.89187479,2.007406235,1.354533553,2.094658852,2.159216404,2.447891474,0.898132324,1.154717684,1.81566453
IL1RN,2.724145889,3.038753271,2.770783901,2.794796228,2.859349251,2.563257694,2.530089855,2.668839931,2.255136967,3.299291611,2.945211887,2.96416831,2.441076994,2.56588006,2.181791306,2.568549156,2.850444317,2.642227888,2.069699526,3.024830818
ILDR1,2.360740662,2.073200703,1.935258031,2.069042921,2.006915331,1.62181294,2.106007576,2.03505373,1.867560267,2.003939152,1.951137304,1.738659501,1.71305275,1.760811448,1.978343248,1.179738998,1.518038154,1.562887549,2.532938004,2.10803628
INPP4B,1.985163689,2.018188953,2.174825907,1.832734466,1.999025106,1.912587762,1.680362105,2.268018484,1.76625824,2.672979593,2.146386147,1.684732437,2.660622358,2.098558426,2.444908381,2.507475853,1.805761814,2.137840033,2.400409222,2.203552485
IRF6,2.771520138,2.756986856,2.851577759,2.646832705,2.634378433,2.562492132,2.506793737,2.717935801,2.793972492,2.593778133,2.539655685,2.36676693,2.276402473,2.811392784,2.604455709,2.51857233,2.733538628,2.448909044,2.62128377,2.68737793
KLK10,2.602657557,2.182295322,2.859473944,1.424115062,1.356105566,1.477068663,2.452152491,2.257628918,1.805835366,2.532134533,2.318438292,1.549748421,2.891533852,2.70438838,1.351977468,1.255213857,1.848940372,1.588411808,2.744183779,2.526848555
KLK5,1.42267704,1.322758555,1.340144992,1.393990397,1.334317327,1.344056726,1.373443007,1.301946044,1.538914442,1.330812454,1.27272141,1.284329414,1.291002989,1.302540898,1.216089487,1.213635564,1.331447244,1.280730605,1.389825106,1.317046523
KLK6,1.634676814,1.457448125,1.894170403,1.421888947,1.459634304,2.467720985,2.166197777,1.487433076,1.390372753,2.595563412,1.723392487,1.320941567,2.532783508,1.958688021,1.219897628,1.27382493,1.826458216,1.36924839,2.613806248,1.814576626
KLK8,1.74801898,1.486698627,1.858696818,1.648999929,1.504096985,2.228768826,1.858337641,1.599198341,1.852367878,2.541358471,1.832848549,1.439029336,2.571311474,1.939686537,1.382219553,1.356537461,1.784184575,1.493083835,2.556808233,1.910542846
KRT16,1.718074918,1.641126156,1.522225857,1.541499615,1.472630858,1.322827339,1.356671095,1.52363646,1.53984344,1.649507403,1.42632401,1.449990392,1.315601945,1.284672379,1.266594648,1.287084103,1.71611011,1.675642729,1.747335553,1.342970729
KRT19,3.842072964,3.579547644,3.806894541,3.670880079,3.346134901,3.515521765,3.070039272,3.598819494,3.487561941,3.765196085,3.765539169,3.416630268,3.360527277,3.710820675,2.754144669,3.539152622,3.796463728,3.63611412,4.164773941,3.688902617
KRT5,1.485592008,1.347028494,1.382585645,1.425474763,1.458869338,1.420349479,1.468248606,1.461053371,1.473695397,1.454957128,1.43740952,1.45298934,1.399593592,1.438285232,1.350820661,1.373523474,1.303074002,1.410520554,1.347093582,1.410704851
KRTCAP3,3.117057323,3.013207912,2.807738781,2.751816511,2.890017271,2.458658218,1.726408243,2.787278891,2.836092949,2.433295488,2.635314941,2.592080832,2.58421278,2.733593702,2.296372414,2.516853571,2.615572453,3.168729067,2.912683249,2.698894978
LAMA3,2.767290115,2.765477419,2.85998559,2.655848026,2.124602556,2.311712265,1.985360265,2.673425198,2.486034155,2.770719051,2.843161821,1.951875567,2.576955318,2.790222883,2.312224388,2.619896173,2.962726355,2.247936487,1.776956677,2.929093122
LAMB3,2.794190645,2.608291864,2.716925859,2.700540304,2.404949188,2.486733675,2.527957678,2.583145142,2.499399662,2.705118179,2.634787083,2.349187136,2.363276005,2.922199488,2.474596024,2.634770393,2.869483709,2.491023064,2.440696955,2.832653522
LAMC2,2.486325741,2.934762955,2.490709543,2.71245265,2.20264554,1.806799531,1.847532153,2.261771202,2.231454134,2.62208128,2.553277969,1.930779815,2.44308567,2.633287191,2.195657492,1.999100208,2.642623901,2.014791727,2.141750336,2.656529427
LCN2,3.5296731,3.132433891,3.310562372,3.796349525,3.222872257,3.139965773,3.908215284,3.334686756,3.118718863,3.772685528,3.287605762,2.010023355,3.272584438,3.51226449,3.121680975,3.677204847,3.273069143,3.926280022,4.016775608,3.443768024
LCP1,2.011306047,2.523592234,2.352951288,2.243197918,2.458259583,2.326716661,2.271477222,2.457944632,2.336208105,2.811640978,2.947234392,2.764432907,2.788461685,2.463295221,2.629694462,2.473234177,2.474451542,2.558456421,2.22185111,2.782950878
LIPG,1.398777962,2.183273077,2.161243916,2.213805914,2.108789444,2.246781826,1.837940693,1.830789208,2.172224522,2.175744534,1.653806925,1.961641192,2.212756157,1.844305038,2.441529512,1.634526968,2.443047285,1.805588961,2.165333509,2.132349014
MAL2,3.696573019,3.534582615,3.640674829,3.658293962,3.719599009,3.339325905,3.664314747,3.615198612,3.733858824,3.644314289,3.537951469,3.309692383,3.222836018,3.460457087,3.229251146,3.551771641,3.745568514,3.435637236,3.54978776,3.505683899
MAP7,3.144369602,2.895961523,3.029538631,2.845412254,3.181676149,2.907136202,2.842916489,2.932817936,3.105467558,2.917716265,2.730098009,2.814875841,2.278162003,2.504244566,2.456843853,2.685266733,3.326209784,2.938291073,3.180580616,2.968584061
MAPK13,2.842777967,2.594276905,2.717052937,2.579761744,2.731919527,2.604408026,2.643895388,2.56459713,2.740520239,2.558056593,2.67895174,2.488928318,2.18131876,2.516370773,2.274977684,2.342504025,2.80147481,2.481603861,2.843779802,2.622799397
MARVELD2,2.813143253,2.695367336,2.849578142,2.831343174,2.878880739,2.752849102,2.995845079,2.964238167,2.824976206,2.507125616,2.721478224,2.549734831,2.292338371,2.719364643,2.671643972,2.806207895,2.844293118,2.674918175,2.792760849,2.881900787
MARVELD3,2.096215487,2.361906767,2.364712238,2.155538321,2.175411463,2.072410583,2.389676094,2.227511168,2.169331551,2.089112043,2.121350288,1.943409324,1.793882847,1.940852404,1.746453404,1.443803072,2.60281086,2.181964397,2.101573229,2.294964314
MB,1.129965782,1.238891959,1.229421377,1.2358675,1.918372035,1.281396508,1.216899514,1.25862956,1.120809674,1.495342493,1.185504913,1.442849755,1.166677833,1.217603803,1.05851984,1.150539041,2.041481733,1.153703451,1.225747228,2.40919137
MBNL3,2.946347475,2.878716707,2.910665035,2.832897663,2.733617544,2.638720036,2.840668678,2.869563341,2.626356125,2.557009459,2.804081917,2.484703302,2.635926962,2.6817801,2.948472261,2.997398853,2.641058922,3.019944906,2.779452562,2.888347626
MPP7,2.217627525,2.153769255,1.990728617,1.890000224,2.528692007,1.925704479,2.486122608,2.264431477,1.483514667,2.173898697,2.217114925,1.899245143,2.669055462,2.334209204,2.298573494,2.43827486,1.869040132,1.726093292,2.001863003,2.19936204
MUC20,1.520315528,1.994527817,2.150911093,2.676109314,2.108701229,1.573032856,1.865912557,2.532125473,1.44056344,2.745962858,2.026471376,1.449893475,2.442120075,2.091454983,1.846158504,2.012981176,1.735156059,2.154381037,3.047380924,2.21159029
MYH14,2.403135061,2.283733606,2.495542765,2.251565933,2.250127077,2.25798893,2.208810806,2.314712286,2.255322695,2.412382841,2.3274014,2.366820812,2.085718632,2.356981516,2.113010168,2.134149313,2.215097189,2.456105471,2.412069559,2.272293091
MYO5B,3.205328226,3.161796093,3.422136068,3.14799118,3.044966459,2.968163967,3.0836308,3.225277424,2.971699238,2.983742714,3.183320045,2.774535179,2.788073063,3.079982281,2.735524178,3.026167154,3.191866398,3.240334988,3.063940525,3.087661743
NPNT,2.572698355,1.983519673,2.906379938,2.9653368,2.830655098,2.554285288,1.552393317,2.880626678,2.494589806,2.508049488,2.674000978,2.058398008,2.677408695,2.784702778,2.504149437,2.550342798,2.934050322,3.152187586,2.830070019,2.862303734
OVOL2,2.79693532,2.536321878,2.556521416,2.527219772,2.513156652,2.523683071,2.686484098,2.602698803,2.630993366,2.335284948,2.340447187,2.336059809,1.810194254,2.501417875,2.366553545,2.41570735,2.381642342,2.563212872,2.210908413,2.441048622
PAK6,2.022752762,1.878315091,1.99568522,2.263742924,2.164551973,2.301824331,2.353360415,1.973285913,2.241595745,2.063760042,1.821538806,1.745917082,1.666194916,1.789589047,1.800483227,1.979910374,2.438545704,2.288124561,2.045998573,1.886701584
PKP3,2.602471828,2.669761658,2.743695498,2.583422661,2.418708801,2.444051504,2.444371939,2.548466206,2.603266954,2.588452816,2.60265255,2.693419933,2.323402643,2.657405853,2.205192327,2.223978519,2.778474092,2.589953661,2.873488188,2.527111053
POU2F3,0.990666211,0.880149424,0.980794251,0.839291155,0.926669955,0.917186618,0.877361238,1.130263209,0.919543087,1.086322427,1.026889443,0.891755581,1.089212298,0.996035695,1.031063557,0.916791081,0.972453952,0.880691886,1.107421875,1.055610776
PPL,2.403811932,2.13522172,2.173902512,2.107264042,1.642378449,2.112928867,2.232456207,2.336287737,2.47660923,2.585417747,2.089944363,2.056532621,2.38661623,2.451950073,2.316627741,2.090457916,2.062270403,2.386841297,2.481758356,2.172734261
PPP1R14C,1.551877975,1.609848857,2.009768248,1.32688117,1.326714754,2.270738125,1.676778555,1.726814032,1.290199518,2.507203102,1.511918306,1.187209964,1.314901471,1.324830055,1.336366296,1.254255056,1.623399973,1.296718955,2.017351866,1.350698471
PROM2,3.002723455,2.004251003,2.821818829,2.818202019,1.976953387,2.423171997,2.11730814,2.681351662,1.92730546,2.590506315,2.569249392,2.040198088,1.860420465,2.799492598,2.587730408,2.654731274,2.304635763,2.8731668,2.000091791,2.393818855
PRR15,2.788187265,2.166918755,2.485337973,2.56059742,2.444767952,2.265788078,1.95497632,2.434239388,2.836899757,2.66096139,2.561973095,1.765671611,2.106250525,2.490035772,2.123232603,2.31111145,2.483230114,2.203435183,2.597514868,2.542136431
PRSS8,2.318779707,2.182560444,2.269093752,2.235514879,2.107839108,2.161573648,2.295354843,2.237257719,2.384348869,2.355443001,2.144207716,1.907479882,2.040436029,2.302880049,2.180097818,2.270069838,2.247679234,2.340500832,2.534268856,2.072318077
PTAFR,2.183061361,2.433704853,2.577299595,2.465689659,2.560083866,2.340123653,2.631089449,2.588003635,2.367925406,2.634395361,2.794423342,2.469394207,2.727605581,2.655399084,2.598092794,2.353331804,2.368855953,2.681214809,2.21150732,2.707152128
RAB25,3.046844959,2.959883213,3.043867826,3.115395546,3.133914948,2.929049969,2.916814804,2.907629967,2.964840174,2.947757959,2.766573191,2.658620834,2.551636457,2.949316978,2.8438375,2.732598543,2.815999746,2.798928261,2.933808565,2.8412714
RAPGEF5,2.382800341,2.43321085,2.439285278,2.469030142,2.596379042,2.513871193,2.547002554,2.49947834,2.705314159,2.7587111,2.604863405,2.486820936,2.393326998,2.501239777,2.656102657,2.411565065,2.860691786,2.452955961,2.715696573,2.803039074
RASEF,2.839365005,2.714735985,2.887439728,2.940077305,3.272870302,2.971949577,3.189268112,2.850855827,2.877726555,3.075885296,2.943953514,3.25070262,2.695303917,3.11491394,2.950633764,3.076911926,3.077568293,2.79637742,3.101415634,2.924678802
RASGEF1B,1.657479405,1.592757821,1.38134563,1.689115524,1.36359334,1.315944195,1.43499887,1.495485187,1.324515343,1.393336296,1.408629537,1.687343597,1.369535685,1.368905902,1.43534565,1.399291039,1.431244612,1.914871573,1.256692171,1.410126328
S100A14,2.925088644,2.326157093,3.174562931,2.750435114,3.081884861,2.572526932,2.55274868,2.873157978,3.315135002,3.025619268,3.026046753,2.48109746,2.739137173,3.028208256,1.520508289,2.563987255,3.032476902,2.719108582,2.328835726,2.80494976
S100A8,2.949604511,3.562530279,3.151350737,2.877253532,3.42960763,3.39299345,3.366863966,3.148072481,2.470437527,3.580252171,3.345192671,3.565778494,3.313395023,2.208349228,3.267211199,3.078787327,3.033810377,2.400999069,2.501084328,3.695609808
S100A9,2.637975931,3.220891476,2.79063797,2.553205013,3.125374556,2.978856087,3.51318574,2.842003822,2.523097277,3.476264238,2.993836164,3.189587355,3.070147514,2.114937782,2.904711485,2.691370726,2.726229429,2.167780161,2.358088255,3.365891457
S100P,4.15100193,3.929326534,3.988415718,4.163115501,4.080076218,3.872001171,4.047164917,4.007600307,3.958110809,3.856049776,3.903937578,3.114278793,3.318052053,3.956753254,3.839646578,4.125691414,4.055831432,3.95822835,1.756945491,3.862344265
SCEL,0.921338141,2.491550207,1.068849206,0.887049913,1.166521668,0.897287965,1.274752736,1.089880943,2.833165646,1.062649965,1.085361242,0.877277553,1.530174017,1.286617279,0.874602914,0.865252018,1.78396666,0.861724555,0.881711185,1.772618532
SCNN1A,2.968323708,2.162081242,2.632789135,2.666825294,3.271946192,2.486588001,2.359130621,2.574949503,2.331809282,2.694973469,2.682441711,2.1729424,2.055528402,2.811396837,2.449916363,2.905958176,2.841623783,2.303852081,2.949445486,3.168286562
SERPINB5,3.321327209,3.252740622,3.446453094,3.0286057,3.215361595,2.958251476,2.959243774,3.330842733,3.306161165,3.182651758,3.290282011,2.909850597,2.881175041,3.078480244,1.831190228,1.406319976,3.401723146,3.12675643,1.629284501,3.337926149
SH2D3A,1.916731358,1.925173521,2.046612263,1.777928233,1.947691679,1.750655651,1.778939247,1.824323297,1.774136901,1.832185984,1.730234861,1.796289682,1.702443004,1.746483922,1.591276765,1.735682964,1.801671147,1.81677711,1.956958055,1.889998436
SH3YL1,3.554158688,3.408610821,3.279824257,3.115847111,3.386761904,3.513880968,3.232156038,3.456748724,3.547635555,3.249428988,3.275218487,3.233901978,3.074636221,3.278448343,3.352814913,3.214714527,3.224509716,3.08719492,3.016967773,2.993444681
SLC6A14,2.673484564,3.243077278,2.851869345,3.163463831,1.651402593,2.153345108,3.198579311,2.497713089,2.180475712,2.733680725,2.83525753,1.053901792,1.874672174,2.538784266,1.28621459,2.601651669,2.426718473,3.396181345,0.775734484,2.794035196
SLPI,3.412340641,2.541951895,3.074298859,3.347534657,2.855102777,3.03871417,3.519275427,3.248854399,3.486562729,3.566967487,2.969927788,2.757375956,2.79843545,2.912700891,2.432058334,3.308081865,2.773533821,3.4378016,1.923614502,3.129224777
SORBS2,2.650779247,2.438462973,2.353391171,2.635408878,2.541442871,2.543745518,2.258043766,2.501174927,1.54565537,2.256313086,2.143683672,1.810367227,2.850238562,2.673804283,3.007258892,3.277714014,2.018372297,1.444532752,1.971184969,2.49276495
SPINK5,1.912602782,2.329857349,1.803206682,1.83959949,1.909678221,1.953660369,1.703403592,2.269839764,2.620653629,1.817248225,2.136316299,1.985268474,1.654700518,2.244973421,3.022997379,2.22043395,2.325815439,1.616483212,1.591658235,1.930255771
SPINT1,2.468941212,2.488763094,2.397308111,2.486680746,2.285173893,2.257843733,2.373863697,2.303084373,2.342917204,2.410385609,2.377182245,2.213600397,2.000837326,2.280121326,2.289195538,2.25288105,2.508306503,2.552893877,2.345792294,2.370532036
SPINT2,3.491348982,3.377342701,3.37637639,3.426988602,3.334376812,3.302627325,3.307166576,3.363236666,3.371231794,3.38469696,3.292536497,3.48743248,2.949435472,3.193076372,3.220494032,3.111027718,3.358444214,3.331926584,3.385404348,3.448322773
SPRR1A,1.686473608,1.722798824,2.724538326,2.291368961,1.566343307,1.626366019,1.559334159,1.643693209,1.542896986,1.755326629,1.543533802,1.576643348,1.886375308,1.658756852,1.522194862,1.608291268,2.05555439,1.588159919,1.560094833,1.735551715
SPRR1B,0.961758971,0.899826825,1.872191668,0.865582526,0.915033638,0.881437182,0.887326241,0.897827625,0.884919524,1.760150671,0.981759965,0.863498509,1.938662887,0.962168336,0.834828436,0.872708261,2.2250278,0.979363739,0.923922777,1.573286891
SPRR3,1.281547785,1.310434103,2.041060448,1.425465822,1.269793034,1.324278235,1.374516845,1.386637211,1.503659606,1.545731544,1.384405136,1.36942184,2.258544207,1.460104704,1.215697527,1.156886578,2.178882599,1.261115193,1.328798175,1.939310431
ST14,2.782289743,2.769352198,2.832192659,2.853663206,2.904380083,2.702662706,2.645969629,2.841952324,2.743313789,2.878919601,2.808714151,2.637217999,2.534656763,2.802813053,2.564154387,2.550606251,2.674547672,2.904804945,3.123463154,2.89078474
STEAP4,1.56455493,1.906196594,1.749342799,1.426537991,2.336208105,1.744320989,2.923495054,2.077662706,1.083608627,2.089620829,1.975164175,2.070991039,2.624485016,2.097334146,2.797223568,2.452570438,1.596904516,1.599956989,1.538141251,2.055105925
STX19,2.215937853,2.300801039,2.487477064,2.34508729,1.762771726,2.009753704,1.088569045,2.260913134,1.932739973,1.631882787,2.163811922,1.25856781,1.629758,1.986886501,1.490865827,1.725280523,2.142066717,2.226332188,1.931611419,2.069292545
SYK,2.3348248,2.335682392,2.5628407,2.163423777,2.53227663,2.131059885,2.291481733,2.415075541,2.465603113,2.553088427,2.610543966,2.078458071,2.505136967,2.536884785,2.438169718,2.482294083,2.456142664,2.160651684,2.542649269,2.458051682
SYT7,1.801329851,1.831866026,1.851719499,1.881474495,1.76683414,1.977018356,1.877908826,1.741491914,1.811201096,1.72499001,1.740245461,1.734395146,1.590582609,1.743540406,1.723824501,1.727751136,1.884041667,1.729710221,1.867270947,1.899226785
TMC4,2.578816414,2.523768187,2.64560318,2.211854219,2.27243495,2.351047039,2.110985041,2.518559933,2.328464508,2.628646851,2.456522226,2.808927298,1.878053308,2.462508917,2.412657261,2.432939291,2.44769454,2.499430418,2.706991673,2.525165558
TMC5,2.969178915,3.141314268,3.037100792,2.986217976,2.583220959,2.723429918,2.552599907,3.029671192,2.943327665,3.108282328,2.96049118,2.768576384,2.886959314,3.323699236,2.926388025,2.982044458,2.501211166,3.183976173,2.94244647,2.947008133
TMEM125,2.643991232,2.232414246,2.525742531,2.525020838,2.596032143,2.532943249,2.670514584,2.577344656,2.678801775,2.47422123,2.443997145,2.677039623,2.08463335,2.423424959,2.268171072,2.485146999,2.460788488,2.47575736,2.606511593,2.428805351
TMEM30B,3.042708874,3.156699896,3.152404308,2.731328726,2.69509697,2.935502768,2.885221243,3.060722351,2.955198765,3.025264263,2.960238695,2.552822351,2.38798213,2.920932531,2.814599276,3.081734419,3.047239304,2.892071247,2.994435072,2.834508896
TMEM45B,2.950952768,2.756917477,3.071382046,2.92792964,3.188362122,2.844908237,2.703607321,3.117589951,2.917046785,3.086960077,3.085148096,2.753271818,2.726067543,2.945373535,2.072699308,2.810074806,3.107553482,3.358284712,3.162771702,3.016290665
TMPRSS11E,0.989076495,1.048013687,0.919991314,0.958054781,1.040118814,1.018028617,0.979652405,0.96732682,1.021131396,0.968085051,0.94442445,0.966262043,0.903505087,0.960308909,0.895075381,0.933862507,0.911059141,1.005941987,0.964836955,0.941808462
TMPRSS13,1.676801443,1.612360597,1.557136416,1.639890432,1.550015092,1.738664031,1.644352317,1.533009648,1.664535999,1.564215302,1.523278356,1.61908412,1.570959926,1.559735417,1.490131259,1.591008544,1.486804247,1.629299283,1.649008036,1.657983422
TMPRSS4,2.720533371,2.730129719,2.762755632,2.709212542,2.619729757,2.244558573,2.493369102,2.722846508,2.804978609,2.85031414,2.607280016,2.325143576,2.321365356,2.701248884,2.183938265,2.151931763,2.635874271,2.860448599,2.755664349,2.650831938
TOX3,2.566030264,2.988054991,2.872970819,3.002177715,2.935857773,2.663052797,3.141299248,2.826874733,1.810428739,2.869707823,2.779828548,2.838199854,2.585894108,2.682299614,2.967133999,3.088028908,2.834903955,2.878075123,3.122123718,3.092484236
TRIM29,2.594049215,2.028956413,2.472019196,2.107866764,1.902937412,1.88439846,2.106464624,1.97649157,2.6895051,2.7853477,2.394412041,2.021121979,2.506601572,2.64184618,1.948137283,1.586830616,2.708339691,2.080522776,1.953912258,2.45977354
TSPAN1,3.506463528,3.389257669,3.603732586,3.421657324,2.857619762,3.269809008,2.422551155,3.534778595,3.06718874,3.293012142,3.453669071,2.248741865,2.991822243,3.339130163,2.76389575,3.294803381,3.37087369,2.410829544,2.885741234,3.341827154
TTC22,2.791953564,2.591419697,2.603936672,2.328621626,2.30040431,2.418666363,2.418936729,2.506307364,2.240353584,2.466887951,2.649960756,2.570695877,1.955260515,2.559560061,2.249441624,2.567224741,2.511759996,2.540012598,2.353740454,2.638618946
TTC9,1.865321517,1.565119624,1.534486294,1.527786851,1.671984196,1.747815967,1.666450262,1.635235071,1.792386413,2.064522266,1.58959794,1.515823603,1.804431081,1.781320333,1.576562405,1.893454313,1.816691518,1.630883217,1.902247071,1.699495912
VTCN1,1.572783709,1.609164357,1.271207809,1.778196812,1.297003984,1.921338081,1.445734501,1.934027314,1.325527787,1.473041177,1.434501886,1.321241975,1.448780894,1.333681822,2.04821229,1.606907725,1.319243431,1.634809852,1.331298828,1.635843992
WDR72,1.417684197,3.14519763,3.04146862,1.705323696,2.337622643,2.845396757,2.653112888,3.186092377,1.355627179,3.144210339,2.939198256,2.974287033,2.345962286,3.175165176,2.83263588,1.181526184,3.454487801,3.464605331,3.028376818,2.879329205
WFDC2,1.817396402,1.931727529,1.913721085,2.532698631,1.94663012,2.388621092,3.029960155,2.465068817,2.075803518,2.68759799,2.179391861,2.049280643,1.792989135,2.111463308,2.293488026,2.14859128,1.99852252,1.568439484,1.646602154,2.884760141
ADAM10,3.397969484,3.591471434,3.381222963,3.446233511,3.253712893,3.304219723,3.176570654,3.405988932,3.487110376,3.404697418,3.382433414,3.299126387,3.297518492,3.266774416,3.284354687,3.332079887,3.391217232,3.475000143,3.275022745,3.365578651
AK2,2.981790543,2.894781113,3.032886267,3.07356739,2.934525728,3.021916866,3.418246746,3.085427999,2.898574591,2.955956459,2.902047157,3.086282969,2.783712149,2.88525176,2.763458967,2.739796162,2.997817993,3.073137045,3.056866169,2.896937609
AMFR,2.531747818,2.617225409,2.392298222,2.585656881,2.457501411,2.217390299,1.966847181,2.391458035,2.313994646,2.712264538,2.511854887,2.390816689,2.635926962,2.387801886,2.631147385,2.246790171,2.729220629,2.418637514,2.583367348,2.571405888
ANP32E,3.002651215,3.170691729,2.964827538,3.245296001,3.313142061,3.366665125,3.134929419,2.879697084,3.325713158,2.882632971,3.00235033,3.050857782,2.927464485,2.866132498,2.890797615,2.909832239,3.157283783,3.176612854,2.947985411,2.913281202
ARL6IP1,3.612399101,3.650906801,3.625698566,3.5498631,3.582202911,3.620602131,3.507947683,3.579565763,3.782426834,3.593566418,3.549866199,3.587413788,3.588716984,3.647649765,3.283544779,3.502691746,3.594746828,3.788844824,3.478242159,3.536006689
ARNTL2,2.362586021,2.549097776,2.219104052,2.490163565,2.355734825,2.165859699,2.000988722,2.243610382,2.326332808,2.414048195,2.392966032,2.411478281,2.271448612,2.311904192,2.221267223,2.295464277,2.341064453,2.540359259,2.093881845,2.427188873
ASPHD2,2.430586576,2.18122077,2.45326829,2.586755753,2.355967999,2.18609786,1.804510117,2.39682889,2.38665247,2.268742085,2.454217672,2.124843597,1.954284072,2.372076988,2.1124897,2.58362627,2.314318895,2.510871172,1.378410578,2.228864908
ATP1B1,3.886468887,3.762387276,3.856492281,3.921228886,4.064025402,3.62606287,3.620343208,3.762113333,3.631324768,3.814441442,3.776439428,3.348507166,3.346941948,3.802634954,3.861287594,3.798715353,3.702512503,3.792490244,3.637273073,3.772170782
ATP6V1B2,2.900671244,3.011266232,2.913465261,2.973362684,2.812929869,2.841679335,2.645150661,2.978357315,2.813235998,3.007232666,3.128463507,2.976095438,3.021179199,2.924354792,2.894779444,2.715967417,3.040598631,3.12401104,2.711358309,3.106864214
B3GNT4,1.864530444,1.869273663,1.840720654,1.807893157,1.755154133,1.860404491,1.805279493,1.749628782,1.835704088,1.786961913,1.699574471,1.886478782,1.673417807,1.765506983,1.742970586,1.703265071,1.799523592,1.837117553,1.837338448,1.728119969
BNIP3L,3.141696453,3.113149643,2.881682158,3.038801432,2.924276829,3.176932096,2.988335133,3.090735197,2.946785927,3.12862587,3.151841164,3.314502716,3.203461885,3.021314621,3.15061307,3.138472557,3.381108761,3.128369808,2.977722645,3.131398201
C12orf57,3.143090248,3.201679707,3.154068708,3.293265104,3.171516657,3.062116146,3.022819757,3.272090673,3.291507006,3.215719938,3.198094606,3.202576876,3.356794357,3.219061375,3.290393353,3.180348873,3.348124743,3.299839735,2.96730876,3.255645275
C18orf21,2.47196126,2.531456709,2.463540316,2.541799784,2.446114063,2.527965784,2.669991732,2.561973095,2.612547636,2.354790449,2.464996338,2.358186245,2.561055183,2.398678064,2.409532785,2.467878342,2.47437644,2.60159421,2.269829035,2.419668198
C18orf25,2.623184443,2.674425602,2.619713306,2.705409527,2.623429298,2.715576649,2.759800673,2.603892803,2.359955072,2.511761189,2.592239857,2.499731541,2.672422647,2.522170067,2.611340761,2.752405643,2.741998672,2.838537931,2.365437269,2.548734665
CAMK2N2,1.910163641,1.913318396,1.831680894,1.918949962,1.784774899,1.853101254,1.834524751,1.803192854,1.915576696,1.822089791,1.764416575,1.898177147,1.852749228,1.858213305,1.780191779,1.817508578,1.691746712,1.839668155,1.852233648,1.746374965
CCL7,0.948295712,1.271060348,0.952498674,1.913265944,1.104523897,1.093286753,1.067412972,0.951835454,1.149401426,1.74825716,1.075822115,2.712449074,1.031935334,1.028754354,1.003855228,1.011605024,0.978389025,0.982741892,1.127218246,1.59029448
CCL8,1.71895051,2.58165431,1.645721674,2.734102249,2.427974463,2.263379335,2.351431131,2.230023623,2.02075386,2.508738279,2.30437398,3.583006382,2.607863665,2.158648014,2.468208313,2.471706629,2.080639839,1.891616225,1.819093347,2.975069046
CDC42SE1,2.728664875,2.913314104,2.717766523,3.083621979,3.100392342,2.886506319,2.733587742,2.778678417,2.720791578,2.888536215,2.933701277,2.766786814,2.86817193,2.861452818,2.954981327,2.872968435,2.889828444,2.862325668,2.667043924,2.8154459
CDCA2,2.397250891,2.423536301,2.378998995,2.660321236,2.427773237,2.641294479,2.385534048,2.106598616,2.535201073,2.046986341,2.221399069,2.498426437,1.829574823,1.807775736,1.574359775,1.80899179,2.557144403,2.688841581,2.188652039,2.28898859
CDK2,2.5338943,2.672493458,2.438473225,2.634428501,2.542229414,2.749126196,2.58996892,2.3990767,2.711012363,2.514960766,2.318011999,2.855262518,2.329443932,2.330099106,2.40316844,2.290468216,2.536154747,2.625233173,2.742351532,2.488847256
CNOT7,3.423532963,3.3847332,3.37465167,3.402544975,3.261970043,3.371138573,3.176811695,3.385940313,3.29754281,3.238089323,3.351625681,3.344614744,3.313873529,3.298442841,3.184734821,3.238173723,3.452943563,3.558526754,3.29293704,3.253125906
COPS3,2.734628201,2.818724632,2.804628372,2.862082481,2.628561258,2.793571472,2.97792697,2.85132575,2.8799119,2.596502066,2.779541492,2.988214493,2.732001781,2.663619757,2.630729914,2.714470387,2.88441515,2.881119967,2.808223963,2.740746975
CSNK1G1,2.294587135,2.369415998,2.276818275,2.365316868,2.272111416,2.36083436,2.090520859,2.262656689,2.254341364,2.261733294,2.288627148,2.411016941,2.225255728,2.222033024,2.188208103,2.260652304,2.409609556,2.460969448,2.236555338,2.333086491
CYB5D1,2.191667795,2.197207689,2.197173119,2.331987381,2.067158699,2.035571814,2.302052021,2.0651896,2.104226828,1.921837211,2.109764099,2.491543531,2.108933687,2.152795553,2.11013031,2.129396677,2.260895014,2.423702002,2.115278721,2.212876081
DCAKD,1.979584098,1.967471838,1.900050759,1.834124327,1.750830531,1.790872574,1.707299471,1.646197915,1.923407316,2.101447582,1.797280908,2.025709391,1.806623697,1.906548142,2.004059553,1.836800933,1.999474287,2.004847765,2.008852959,1.826097369
DCUN1D1,2.916243315,2.687432051,2.702838659,2.930340528,2.733991385,3.0286479,2.721402645,2.962248325,3.159785509,2.70179534,2.742120266,2.780156851,2.864219904,2.67058301,2.650583029,2.772390604,2.748461485,2.75489521,2.881717682,2.71352911
DOCK5,2.835165977,2.547118902,2.696188688,2.55900526,2.27882576,2.463246584,2.330458879,2.534481287,2.501929998,2.372947216,2.685947895,2.241094112,2.452749014,2.601910114,2.385790586,2.578108549,2.840138674,3.033488274,2.456586361,2.488876343
DUSP4,3.232390881,3.073582649,3.307028294,2.634168386,2.80501008,2.802292347,2.003185272,2.934489012,2.823668003,2.584208965,2.727634668,2.078682899,2.640621424,2.825980186,2.532310724,3.04597187,3.023268461,2.858520985,1.705615282,2.799568653
EXOSC9,2.432569742,2.685127974,2.582125664,2.765669823,2.682647467,2.527392864,2.522651196,2.610224724,2.5729177,2.493172884,2.45779109,2.498100281,2.467167139,2.344531059,2.42224431,2.447852373,2.743408918,2.651393652,2.510686398,2.429192781
FECH,2.252213478,2.223863602,2.230559349,2.209210396,2.144516945,2.057522774,2.358930349,2.106366873,1.981475353,2.102245808,2.226276636,2.03349638,2.158457279,1.990685225,2.17095089,2.192175865,2.25237608,2.037914038,1.954694986,2.148436785
FNTB,1.065698624,1.121756315,1.143969417,1.044357896,1.22498858,1.026162267,1.455544472,1.082330465,1.245347142,1.189312577,1.137969494,1.378032565,1.068811178,1.206548095,1.258727074,1.219810009,1.282301426,1.069247961,1.046205997,1.10423851
FUT8,2.887208462,2.8745749,2.90282464,3.03209734,2.67074275,2.84501791,2.729078293,2.893447876,2.994860649,2.72831583,2.817672729,2.611695051,2.679192781,2.76839447,2.923983335,3.07619524,2.925673723,2.7610991,3.082285166,2.842747688
GNLY,1.614090681,2.484643459,1.593171716,1.679709435,1.808749557,1.531155348,1.573562622,1.710976601,1.665218115,2.026027679,2.122974873,2.36463809,1.844648838,1.770375252,1.821984649,1.517820001,1.730328441,2.19110465,1.577260733,1.99575758
GTF2A2,2.877654791,2.900155544,2.85189414,3.179770947,3.063856125,2.912828445,2.837890148,2.896485806,3.050635099,2.816121578,2.962615252,3.21501255,2.978632689,2.788154602,2.920196056,2.86056757,3.072808981,3.621077776,2.894744873,2.98562789
HBS1L,2.986437798,2.746475458,2.719255686,2.864328861,2.893664122,3.032004118,2.923097849,2.870351315,3.290899038,2.918800831,3.112626076,2.896408319,2.805860043,2.672204971,2.701049328,2.764162064,2.964048862,2.656243086,2.82392168,2.754773378
HNRNPL,3.054936647,3.010504723,2.786224365,3.091752768,2.952756405,2.770766258,2.994536638,2.761410475,2.938914537,2.853875399,2.852752209,3.198810816,2.771989346,2.784831524,2.773179293,2.817040443,3.240885973,3.120154858,2.919787884,2.781028748
HPSE,2.051163912,2.167889833,2.265524149,2.488810301,2.527644873,1.937374592,2.69972229,2.412428141,1.822248936,2.471395016,2.2328403,2.438958645,2.263660908,2.136965036,2.317810535,1.925516129,2.207847118,2.681108475,1.682593703,2.547703743
INSR,2.530198097,2.693512201,2.585316658,2.453122854,2.486952543,2.62116456,2.484595537,2.558364868,2.753677607,2.730800152,2.635108232,2.439785004,2.62258482,2.877333403,2.834811449,2.846574306,2.577119827,2.672745705,2.695409298,2.754101992
IQGAP3,1.742670894,1.839055777,1.982553124,2.102837801,2.429504395,1.927146792,2.094457626,1.811543465,2.25818944,1.91485846,1.805982232,2.23438096,1.667674899,1.667311311,1.552000999,1.671999812,2.145690441,2.188706636,2.002552986,1.843772531
KCNRG,1.599971175,1.4793396,1.104430556,1.850439548,1.237583756,1.115484118,1.119520903,1.21246314,1.411194682,1.148874879,1.146856904,1.598284841,1.149841785,1.117560625,1.172631025,1.204881668,1.784605145,1.617558837,1.548005223,1.213650942
KCTD9,2.991987467,2.829690456,2.882977962,2.802578211,2.868134022,2.750379324,2.61856389,2.793392658,2.633328438,2.571856737,2.807754278,2.723362446,2.763017416,2.642751932,2.595608473,2.77183938,2.882209778,2.984737873,2.532397747,2.694436312
KDELR3,3.458666086,3.124829769,3.081156492,3.578632593,3.449981451,3.19482851,2.895292759,3.369133949,3.667099237,3.147476435,3.261494398,3.027907133,3.040234327,3.21675539,3.076363802,2.891608953,3.39852047,3.119236708,2.672474384,3.174198866
KDSR,2.721015692,2.890803814,2.714621782,2.77285409,2.709118843,2.352261543,2.794760942,2.562504768,2.456386805,2.790319204,2.596489429,2.58733654,2.790620565,2.763768911,2.722403526,2.723199844,2.81343627,2.700409889,2.575142145,2.685356855
KIR2DL4,1.400556445,1.463221908,1.32004714,1.440454721,1.32505548,1.350416422,1.322405815,1.300676227,1.341205716,1.34932065,1.355227709,1.455306888,1.398526669,1.390903115,1.31091547,1.275121927,1.319739223,1.448473573,1.282746792,1.425918221
KLRD1,1.427708507,1.876260638,1.478124142,2.034864187,1.79694593,1.469009519,1.467790604,1.483959317,1.46348083,2.044814348,1.898330927,2.072719574,1.899858356,1.540014386,1.648807287,1.622154593,1.58658278,2.089944124,1.452765942,1.75858438
KPNA1,2.430000067,2.332985878,2.366373777,2.50407362,2.314202309,2.74924016,2.447924137,2.382629633,2.35857749,2.397560596,2.499671221,2.632302523,2.611881018,2.487041235,2.516369104,2.488316536,2.607279062,2.578597069,2.652828217,2.403219938
KRT7,3.212522984,2.341435671,2.689578533,2.774449825,1.707912922,1.742451072,2.986619234,2.998402119,2.722644091,3.117397547,2.698226929,2.180456638,2.467912674,2.97163558,2.353243589,1.945534587,3.145227671,1.927368999,1.872136831,2.929017305
LYG1,1.554934859,1.762299657,1.481352091,1.559211254,1.785458922,1.609808564,1.51774931,1.41960454,1.392649293,1.411000729,1.505049825,2.040476561,1.406829357,1.36138916,1.436441422,1.51909399,1.809808612,1.859533906,1.46193409,1.514734149
MAP3K6,2.084539652,2.126080036,1.804838538,1.712522984,1.777989745,1.629557848,2.027158976,1.84324789,1.928291202,1.960216403,1.959118247,1.795544386,2.007563591,2.008900642,2.116124392,1.843882203,2.127852201,2.204360485,1.552900553,1.846338987
MBP,2.674804688,2.864868879,2.712188244,2.438652515,2.427173853,2.384393215,2.094013214,2.692219734,2.402113438,2.51563549,2.618269205,2.309179306,2.688756704,2.573946238,2.70154047,2.730196953,2.461054087,2.503906012,2.240031481,2.58964324
ME2,3.094964743,3.069271803,3.213730097,3.206029654,3.058810949,2.853691339,3.178404093,3.117174625,2.738898277,2.921365738,3.069648027,3.043088198,3.001296759,2.904298306,3.081866741,3.093706369,3.033298492,3.031929016,2.805257797,3.007539749
MFAP1,2.908734083,2.9334445,2.868373394,2.934550285,2.83066988,2.888986588,3.187477112,2.928889751,3.138036013,2.896764278,2.810616016,2.892219305,2.834555864,2.76594162,2.76881814,2.755559444,2.912211657,2.913188219,2.830699205,2.854728937
MIB1,2.910030603,2.906755447,2.849950314,2.893712997,2.970205784,2.921608448,3.36180377,2.81491375,3.015547037,3.064572811,2.8539114,2.889021158,2.93641901,2.910810709,2.990589857,3.016236305,3.040107965,2.858620644,2.841994286,2.83240962
MSH4,0.917648673,0.92105639,0.87170583,0.879550934,0.825785816,0.872443616,0.83330822,0.828013718,0.944856703,0.810460925,0.835800707,0.888624847,0.724240839,0.827922463,0.856734395,0.827521205,1.718870401,0.926516473,0.844625413,0.794528008
MT1X,3.619136095,3.163102627,3.672018051,3.379064798,3.302274942,3.318726301,3.228441477,3.837006569,2.720401049,3.504666567,3.444072008,3.441109896,3.154860497,3.054698706,3.443036556,3.493711948,3.488919497,3.216087103,2.83633709,3.637348413
MT2A,3.602458954,3.310715914,3.693370104,3.373432398,3.354666233,3.349940062,3.299869776,3.802517653,2.823590517,3.628143072,3.513257742,3.526500225,3.272915363,3.170029402,3.485457659,3.524624825,3.488898754,3.350891352,2.971080303,3.691819906
MTA2,1.61666894,1.663246393,1.49285233,1.738767028,1.658807635,1.530836582,1.706994891,1.521443129,1.55222261,1.449371219,1.527058721,1.761636972,1.536196709,1.456005692,1.4628793,1.467409611,1.726847172,1.804798245,1.684671044,1.348473907
NAP1L4,2.547394991,2.534491777,2.377569199,2.482257843,2.482887745,2.493421316,2.343008995,2.472898245,2.626469135,2.521993876,2.492479563,2.555751562,2.56246686,2.587914228,2.440085649,2.460594416,2.465007544,2.716351748,2.644024849,2.407182455
NUCB2,2.337515593,2.684516907,2.591031313,2.825115681,2.975829601,2.902135372,2.794365644,2.911603689,2.789824247,2.766185999,2.938180685,3.207336187,2.834752798,2.595529556,2.750319719,2.962414026,3.075171947,2.922545671,2.768813133,2.96855402
NUTF2,3.344096899,3.267797947,3.11585331,3.257132292,2.892822266,3.034993649,2.880681276,3.057703018,3.243179798,3.21761632,3.084976435,3.200872898,3.101256132,3.051206827,3.071923733,2.861412048,3.330165386,3.335656166,3.297220707,3.096831083
PAFAH1B2,3.11294508,3.223636866,3.144083738,3.035116911,3.362989664,3.153180838,3.136220694,3.077995539,3.142057657,3.138394117,3.103507996,3.006304979,3.084856033,3.097710133,3.135474205,3.103938341,3.116388798,3.16157341,3.172266245,3.067799807
PBK,3.031064987,2.920898914,2.997459173,3.198934317,2.961635113,3.017506599,3.065551043,2.906719446,3.115901232,2.598143578,2.762787342,3.092562437,2.468858719,2.215554476,2.097696304,2.357836485,3.226520777,3.247207642,2.743579149,2.792355061
PGGT1B,2.729271889,2.545502901,2.743935347,2.756200552,2.713773966,2.535683632,2.8361938,2.910851955,2.686881781,2.584246874,2.685358763,2.731668234,2.583435535,2.473463058,2.604880095,2.559611797,2.859623671,2.933529615,2.497872114,2.612979412
PHF5A,2.770697355,2.900873661,2.955819607,3.116136074,3.055002928,3.181727648,2.9274652,3.155881166,3.285432339,2.888795376,3.037470818,3.118791342,2.891833067,2.81345129,2.799826145,2.755911112,3.003053665,3.112593174,2.926885605,2.930160522
PIAS2,2.038206577,2.075477839,2.093763113,2.176867962,2.150809765,2.014904022,2.465418577,2.04610467,1.806389213,1.938241839,2.018155336,2.06208849,2.039852381,1.936611056,1.992558718,2.027052879,2.303745508,2.108669996,1.84574163,1.986512303
PLAA,2.429590702,2.322865248,2.599909782,2.719263077,2.647020817,2.442713737,2.448357105,2.487380505,2.544020176,2.372889757,2.563980579,2.703389406,2.506863832,2.302255869,2.484858751,2.3519907,2.413724899,2.67526412,2.482515574,2.524656296
POLDIP3,2.376596689,2.359485388,2.425327778,2.343523264,2.385529041,2.40191555,2.376174927,2.469950438,2.482392788,2.476104498,2.440145493,2.547831774,2.363224745,2.47502327,2.516144037,2.374958277,2.456267118,2.489495754,2.566402674,2.420579433
PPIB,3.692728996,3.723530293,3.718136072,3.758738995,3.902640104,3.804775238,3.697903633,3.745108128,3.759732246,3.740547419,3.749942541,3.782956839,3.565137386,3.655040026,3.651948452,3.661051512,3.867127657,3.867973566,3.74251914,3.792135239
PPM1A,2.839356661,2.774410963,2.863133907,2.756840944,2.792375803,2.749323606,2.709704876,2.765138388,2.822717428,2.787190199,2.86964035,2.843811035,2.877211809,2.848066568,2.827542782,2.869953394,2.900031567,2.676699162,2.83174777,2.783885479
PPP1R8,2.792105436,2.817464352,2.827549696,2.947456598,2.864979982,2.836308002,3.092144012,2.875785112,2.858355522,2.818787813,2.815411091,2.899073601,2.782092333,2.778685331,2.766460657,2.753986835,2.925057173,2.86419487,2.77927494,2.763978243
PPP4R1,2.996550798,3.063254118,3.07171011,3.037702799,3.009222507,3.015859842,2.972711802,3.021528482,3.092132092,3.17540288,2.959034681,2.73183012,2.98199296,2.904607773,2.951782942,3.071517229,3.130263329,2.988255978,2.769751787,3.031327009
PRPF39,2.41424346,2.490818739,2.436275959,2.503645658,2.496306658,2.529086113,2.554157019,2.565781116,2.602391481,2.424477577,2.537694931,2.828443289,2.563501596,2.337965012,2.439417839,2.508627176,2.684960842,2.775289536,2.532051563,2.484623432
PSIP1,2.73080039,2.857859373,2.758909702,2.883508205,2.672616482,2.942170858,3.135760307,2.875988483,2.564269066,2.714908123,2.907693863,3.131079197,3.121124029,2.873387814,3.099058867,3.068049669,2.699169397,2.848921776,2.904386997,2.877891302
PTPN2,2.757004976,2.737164259,2.749903917,2.798740625,2.634383202,2.70943737,3.042841196,2.80510807,2.866228819,2.999869585,2.738956213,2.630667448,2.710496426,2.677437544,2.675297499,2.758805752,2.699373007,3.024385214,2.506022215,2.73886323
RAB27B,3.696172953,3.18565011,3.455746174,3.462374687,3.046607256,3.351162434,2.948147535,3.66449213,3.121973038,3.038873672,3.452702761,2.56361413,3.100897789,3.318103075,3.253824234,3.535365582,3.491373062,3.256828308,2.032679558,3.405440807
RAC3,1.637930036,1.822536469,1.392049432,1.579240084,1.4530375,1.63697648,1.356353283,1.477376699,1.413687944,1.406725526,1.280011773,1.412666678,1.36634028,1.369962573,1.275416613,1.232964039,1.730131149,1.496115446,1.768291712,1.423861384
RAP2B,3.043867826,2.952564955,2.966622829,3.17359972,2.861753225,2.845196486,2.745150328,3.036643028,2.651371241,2.985146284,3.076586723,2.912841082,3.134814739,2.997687817,3.03324151,3.141582012,3.039388418,2.802395105,2.971623898,2.982459068
RNF19B,2.485097885,2.751333237,2.353801012,2.542047024,2.273284674,2.104622841,2.213942766,2.254362583,2.096789122,2.407715797,2.38116765,2.684328556,2.342134714,2.143525839,2.173138857,2.172052383,2.597441435,2.56231761,2.1687994,2.467113256
RNF215,1.353600621,1.355278015,1.401175141,1.392624617,1.268910646,1.440388203,1.390079498,1.288421392,1.471074343,1.335224628,1.297699094,1.36763227,1.27259469,1.326371908,1.296905041,1.249350905,1.321074605,1.358897328,1.265588284,1.399206996
RPL22L1,3.809474468,3.648023129,3.339530468,3.887723923,3.046682358,3.150007963,3.237183094,3.57747364,3.176414251,3.058061361,3.241831064,3.753708601,3.350665331,3.07551527,2.850009918,3.057019711,3.607841492,3.752732992,3.403842449,3.121512413
RPRD1A,2.927490234,2.943384171,2.84828496,2.916631937,3.035381556,3.091809988,2.970814943,2.858697176,3.154683113,2.719616175,2.64878726,2.752959251,2.931421995,2.806260109,2.802351713,2.915787697,2.953034878,2.987861156,2.367225409,2.711819172
RPS29,4.065265656,4.08848381,4.124878407,4.080518723,4.126182079,4.139126301,4.105874538,4.140724659,4.216834545,4.060738087,4.090229988,4.105046749,4.128476143,4.069768906,4.057761192,4.0692873,4.072926998,4.052835941,4.126525402,4.100925446
RTTN,1.863699198,2.173063517,2.004164934,1.965130329,2.056931734,1.915423751,2.311589956,1.973817825,2.398718357,2.021473408,1.946335673,2.035572529,1.838274837,1.906625032,1.944600224,1.959381342,2.187985897,2.221371412,1.806289196,1.919066787
SAP30,2.699822903,2.594850779,2.737993956,2.823734999,2.834518671,2.662914753,2.720924139,2.569559336,2.204326153,2.868695259,2.613600969,3.02399683,2.763118982,2.489114046,2.5873487,2.90598321,2.726006031,2.362691402,2.513477802,2.663238525
SEC22B,2.54041338,2.504637718,2.715822935,2.669852018,2.768524885,2.669239998,2.601385117,2.781912327,2.911323786,2.78861618,2.737842798,2.667861938,2.667204142,2.517215252,2.585111618,2.731685877,2.69088912,2.50327611,2.588387728,2.805529356
SERPINB8,1.889595151,2.090120316,2.222404242,2.100292206,2.189727306,1.795397401,2.189861536,2.040516138,1.999394178,2.064836502,2.172567606,1.816953301,1.971116662,1.829530239,1.555292845,1.728683114,2.096796513,1.927553415,1.739505768,1.975978255
SETD5,2.410746098,2.482322693,2.347234488,2.450699091,2.247784376,2.717726946,2.596710443,2.327185869,2.363910437,2.400129318,2.346306324,2.618281841,2.407846689,2.555764675,2.590267181,2.553569555,2.563316822,2.573948622,2.463802338,2.40565896
SFXN1,2.664143324,2.674244165,2.559053421,2.747097254,2.468332529,2.581691265,2.758858442,2.582321167,2.294541597,2.586501598,2.435144901,2.589674234,2.31322813,2.399520159,2.236771822,2.348067284,2.915818691,2.763127565,2.468184471,2.437327385
SGPP1,1.968924642,2.381577492,2.466115713,2.587838411,2.99399209,2.557264805,2.628421783,2.466446877,2.291332245,2.643892765,2.820111036,2.649226189,2.711211205,2.524092436,2.642641068,2.61160326,2.541926861,2.464165211,2.371752977,2.63685298
SLC25A37,2.545110464,2.423295498,2.504175663,2.4953897,2.451792479,2.447618961,2.21940589,2.50574708,2.422203779,2.516429424,2.381328344,2.539403677,2.373701572,2.456157923,2.347338915,2.256550074,2.505201101,2.638323784,2.136628866,2.343653917
SLC2A5,1.455002308,1.946697831,1.771729827,1.619059682,1.616351604,1.911109924,1.557713747,1.794380784,1.666963458,1.677263618,2.065660715,2.086708784,2.038443565,1.827325225,1.663014889,1.434967875,1.799882054,2.334413767,1.576221585,2.01372838
SLC35A1,3.343543053,3.311835766,3.154574633,3.138872862,3.050710201,3.081815481,3.191089392,3.282361984,3.278665066,2.921901703,3.11401391,2.908302784,3.090831518,3.0616436,3.114877701,3.10563612,3.432211399,3.205075264,2.863748074,3.01293993
SMAD2,3.093935251,2.927885771,2.971020699,2.876136065,2.955617428,2.883981228,2.971308947,2.957381964,2.83241868,2.778201342,2.855227232,2.700918913,2.969666004,2.791882515,2.947153807,2.988872051,2.95013237,2.894547939,2.727376461,2.899687767
SMAD4,2.668944836,2.690538883,2.643629551,2.573044062,2.688749075,2.563811779,2.591519356,2.640604973,1.568172336,2.37784338,2.615877867,2.610050201,2.711411238,2.595319033,2.690963745,2.67202282,2.750727654,2.69504571,2.513926744,2.681248426
SMCHD1,2.586041451,2.79193449,2.818250179,2.66269803,2.633277893,2.60757637,2.796616554,2.635264635,2.779991627,2.684530497,2.667401552,2.711883068,2.705477953,2.583418608,2.675079107,2.856577158,2.79947257,2.835584879,2.253642321,2.681174517
SMURF2,2.541309118,2.605368376,2.665571928,2.596239567,2.493834496,2.604800463,2.469608545,2.54407692,2.50291276,2.568748951,2.646530151,2.699026108,2.699051142,2.660902023,2.704977512,2.610666275,2.676024675,2.574074268,2.812220573,2.56793499
SOCS6,2.663293362,2.833144188,2.789446354,2.570783138,2.411621332,2.57797122,2.559072971,2.605277061,2.740551472,2.517186165,2.531979084,2.140275955,2.574852943,2.339269876,2.415670872,2.63390255,2.819307089,2.63756609,2.162623405,2.535123825
SSR1,3.677078247,3.522119999,3.516313314,3.588948727,3.710420609,3.657002687,3.785042763,3.568761826,3.605297565,3.570920229,3.581353903,3.475132465,3.425375223,3.370229483,3.516490936,3.498898745,3.717437506,3.663532019,3.613940239,3.539405346
STT3A,2.931292772,2.9349792,2.870922089,2.908221006,3.293722868,2.94543004,2.884642124,2.94155097,3.191577196,2.982807398,2.908482313,3.071174145,2.722225428,2.766591072,2.885609388,2.924781561,3.044132471,3.084311247,3.05887413,2.941230774
STYX,2.575737715,2.60051465,2.406056166,2.453285217,2.439546585,2.541656256,2.465166569,2.439045906,2.414041281,2.478369474,2.499114513,2.460351467,2.52530098,2.330829382,2.40831399,2.576184511,2.435162067,2.555680752,2.440504789,2.423841953
TFAP2A,3.047624588,2.803481817,2.632561207,2.681682825,2.564170837,1.800825596,2.200460672,2.389656067,2.785829782,2.643892765,2.450989246,2.526456594,2.11141324,2.353933096,2.335675478,1.572870374,3.065478802,2.747180939,2.180824518,2.385750294
THRAP3,2.813799143,2.855502844,2.766200542,2.832308292,2.674658537,2.643544912,2.846227646,2.728861809,2.605002642,2.595896244,2.722990274,2.828495502,2.671793938,2.780926943,2.785010815,2.670870781,2.722982168,2.677067757,2.700114012,2.674054623
TIPIN,2.128077507,2.176326036,2.216708183,2.492883205,2.447412968,2.173522949,2.091151237,2.303403616,2.357073545,2.104705811,2.157853365,2.305381298,1.964867711,1.909874201,1.750923514,1.835895777,2.387325287,2.380057812,2.243680716,2.063591003
TMEM107,2.501317739,2.447279215,2.302547216,2.449493408,2.40778017,2.241183043,2.585211039,2.299283981,2.354286194,2.369201422,2.350860596,2.744751692,2.432445765,2.290344477,2.364706755,2.365133047,2.392012358,2.589839697,2.43910408,2.404336691
TNFSF9,1.504019022,2.033998251,1.532708645,2.076181412,1.369380355,1.339572668,1.774276257,1.678401232,2.034536839,1.721258759,1.531134605,1.77121079,1.916506529,1.494101524,1.433328748,1.310902238,1.814438105,1.541034818,1.513307095,1.511682868
TNNT1,1.544212818,1.585484028,1.496438861,1.573822737,1.425817728,2.236279964,2.468025446,1.582095981,1.653217316,1.389551163,1.87875855,2.601871967,1.267218351,1.89971602,1.292824268,1.37312758,2.359907627,1.720919847,1.436976552,2.073241234
TNPO1,3.268836498,3.428839922,3.479337931,3.397593021,3.503853798,3.488534451,3.533216238,3.525374174,3.483145714,3.191164732,3.435799837,3.453635693,3.429953814,3.440303326,3.3846488,3.364278078,3.352035046,3.237424135,3.363380909,3.396367788
TOMM22,2.920130253,2.970463037,2.960092783,2.875390291,2.874391794,2.933124781,2.766930342,2.941474915,2.913841248,2.847761869,2.91686821,2.869030237,2.856521368,2.849428654,2.676058292,2.727100849,2.824471235,3.040673733,2.887723446,2.960539341
TRIM7,2.358661175,1.810778499,2.420189381,1.959870577,2.06283021,2.008083344,2.352914572,1.959512234,2.280843496,1.793927789,2.298739433,1.673156857,2.153156757,2.268839836,1.77168262,1.918460131,2.852974415,2.437187672,1.893271208,2.25353837
TSPAN14,2.615775108,2.415185213,2.391498089,2.357007504,2.273783445,2.391440868,2.203686476,2.397885084,2.183166981,2.606327534,2.489618063,2.504347801,2.425457001,2.339269876,2.424164295,2.229454994,2.640162468,2.515807867,2.688076973,2.444196701
TWSG1,2.777629852,2.973139763,2.841733456,2.830299377,2.940435886,2.939980984,2.990315914,2.948293924,2.875729084,3.087450981,3.074407339,2.873376608,3.348178864,3.089711666,3.123767376,3.136437416,2.951272964,2.914252758,2.681919336,3.034596205
TXNDC9,2.781513453,2.842310429,3.04151988,2.96893239,3.104076624,3.013268232,3.276798964,3.220906734,3.219479561,3.111593485,3.138108253,2.508939981,3.096364498,2.883062363,2.894047022,2.867845774,2.630415916,2.523130417,3.142729282,3.060605288
TXNL1,3.428884983,3.400973558,3.429351807,3.399387121,3.427735329,3.272563219,3.468404293,3.381830931,3.152726412,3.237550735,3.381725788,3.275676012,3.388264418,3.322173119,3.27719903,3.388306141,3.458795547,3.491360903,3.181790829,3.347218752
TXNL4A,3.267548084,3.16260314,3.21681571,3.196890354,3.154541492,3.151585579,3.261882782,3.135233402,3.070153713,3.209846735,3.142936707,2.964735508,3.122039318,3.10583806,3.077992439,3.071845531,3.40392971,3.281395674,3.047176361,3.121491432
UBE2M,2.486674309,2.543272495,2.42136693,2.364191771,2.530708551,2.389260769,2.266196489,2.385488749,2.348293066,2.48058939,2.441542387,2.595768213,2.355623722,2.336531878,2.419731379,2.310524225,2.563014984,2.597775698,2.519638062,2.403672218
USF1,2.08678174,2.028107643,1.86377275,2.13427949,2.051122189,1.971395731,1.938205957,1.94915843,1.99243629,1.939970732,1.942374349,2.313374043,2.006581068,1.95165813,1.843812346,1.81838882,2.261934519,2.351425886,1.822882295,1.863531232
USP14,3.148421526,3.269826889,3.162455559,3.236677647,3.303644657,3.104639769,3.380034208,3.076210499,3.22129488,2.996212959,3.09012413,3.044421673,3.151486158,3.085503101,3.003871441,3.057149172,3.29188633,3.255320311,2.866482019,3.069732189
VAPA,3.436061621,3.508119345,3.50753808,3.48469305,3.486851454,3.530407667,3.577991247,3.483431816,3.598488569,3.53139782,3.46825099,3.353877544,3.529423237,3.412680864,3.411786556,3.568984509,3.499588013,3.454045057,3.186986446,3.387626171
WDR41,2.596555471,2.627535582,2.474533796,2.639270306,2.445372581,2.411875963,2.892329693,2.592859507,2.597227097,2.457983494,2.383744955,2.584968328,2.606844425,2.389909983,2.479732275,2.410468817,2.66088295,2.789492607,2.292961121,2.476902962
WDR43,2.676906109,2.709196806,2.644509792,2.657708883,2.793500662,2.845673084,2.703563929,2.610962629,2.950097561,2.435629368,2.500462055,2.792688131,2.541191339,2.42611146,2.395338058,2.467912674,2.719544888,2.76999259,2.724979401,2.456493139
WDR76,1.826970339,1.766614437,1.515871167,1.691859007,1.618047953,1.531270385,1.951736689,1.560865164,1.71233058,1.454629302,1.577659607,1.726968408,1.47130549,1.382139802,1.390674233,1.279029489,1.913951635,1.866037726,1.776542068,1.55349052
ZCCHC2,2.082444668,2.392305136,2.281005383,2.198676348,2.348434448,2.029903412,2.374975681,2.205981255,1.954249144,2.296341896,2.252206802,2.293871403,2.3002882,2.183459044,2.25798893,2.350510836,2.31451273,2.508642673,1.846462011,2.208822966
MDM2,2.643728495,2.774514437,2.699715853,2.813642502,2.630932093,2.5432868,2.866774797,2.623537302,2.52138567,2.531308174,2.622391224,2.671239376,2.640712738,2.532463551,2.649202108,2.525902271,2.774493933,2.820896387,2.627717257,2.549873114
CDKN1A,2.480554581,2.758043051,2.796663761,2.778263807,2.741433144,2.649210215,2.379882813,2.666630268,2.205649137,2.729974031,2.685876608,2.54873538,2.689591646,2.659455299,2.781106472,2.801499367,2.899883986,2.39924407,2.196862459,2.60852623
PSD,1.568422318,1.557627559,1.487257004,1.487731814,1.457452059,1.484014392,1.504229188,1.430801868,1.562434793,1.425354362,1.334253669,1.481781006,1.590038538,1.508879542,1.549403787,1.608365059,1.40549159,1.428348303,1.51779449,1.412390709
ADH1B,1.240439177,1.144485593,2.098255396,1.208058357,1.133839369,2.038769007,1.086760759,2.888904572,1.153957844,1.112379551,2.416180611,1.374486208,2.687622309,2.20872426,3.268243551,2.858227253,1.692964196,1.586420655,1.089752674,2.104065418
COL14A1,1.436741114,1.918565273,2.288765907,1.810501575,2.067263365,1.64916122,1.604910731,2.413980484,1.324519992,2.232215166,2.359265327,1.29071629,2.964242935,2.500392437,3.142999887,2.508096695,1.641804099,1.88229239,1.921528459,2.339591026
OMD,0.965349972,1.350005746,1.414142013,1.523818612,1.28191793,1.081430316,1.038479447,1.533880234,1.029512644,1.733299375,1.437163949,1.15603137,2.681239843,2.494910479,2.55679822,1.904833913,0.92565763,1.127127886,1.192930102,1.335190654
SMOC2,1.837655306,1.989849806,2.474267483,1.980888724,2.207903385,3.063723803,1.905190825,2.745397329,2.078308821,2.554208755,2.482121706,1.820427179,3.453756332,3.181010962,3.560718298,3.41870451,2.018282175,2.02857852,3.214443445,2.734125376
TPM2,2.908768415,2.69674015,2.636283398,2.712970734,2.993915558,2.681829453,2.465834379,2.922081947,2.659616709,3.700959206,2.888088703,2.653556108,4.013933659,3.802026987,3.734505892,3.726260662,2.56857276,2.251418114,2.792313099,3.166660786
MGP,2.423389673,2.859180927,2.937392712,2.6399827,2.95200181,2.722786427,2.514794588,3.328235865,2.945489645,3.285651922,3.120762825,2.199620008,4.083050251,3.916981459,4.150854588,3.711696863,2.457485914,2.884836197,2.582257986,3.54710269